{
  "realLiters": [
    10.939830929885629,
    65.08240798889776,
    54.142577059012126,
    22.2027461291265,
    11.10137306456325
  ],
  "sensorLiters": [
    10.0,
    60.0,
    50.0,
    20.0,
    10.0
  ]
}