{
  "realLiters": [
    0.0,
    0.0,
    0.0,
    0.0,
    0.0,
    0.0,
    0.0,
    4.848749512661635,
    5.071169215077306,
    3.2918115957519394,
    0.0
  ],
  "sensorLiters": [
    0.0,
    0.0,
    0.0,
    0.0,
    0.0,
    0.0,
    0.0,
    4.954545454545453,
    5.18181818181818,
    3.363636363636367,
    0.0
  ]
}