{
  "realLiters": [
    0.0,
    0.0,
    0.0,
    0.0,
    0.0,
    0.0,
    0.0,
    0.0,
    4.314942226864029,
    4.448394048313428,
    4.448394048313422
  ],
  "sensorLiters": [
    0.0,
    0.0,
    0.0,
    0.0,
    0.0,
    0.0,
    0.0,
    0.0,
    4.409090909090914,
    4.545454545454547,
    4.54545454545454
  ]
}