B1200	Кнопка климат-контроля отказ цепи
B1201	Датчик уровня топлива отказ цепи
B1202	Датчик уровня топлива обрыв цепи
B1203	Датчик уровня топлива КЗ цепи на питание
B1204	Датчик уровня топлива КЗ цепи на массу
B1205	Блок переключателей EIC-1 отказ цепи
B1206	Блок переключателей EIC-1 обрыв цепи
B1207	Блок переключателей EIC-1 КЗ цепи на питание
B1208	Блок переключателей EIC-1 КЗ цепи на массу
B1209	Блок переключателей EIC-2 отказ цепи
B1210	Блок переключателей EIC-2 обрыв цепи
B1211	Блок переключателей EIC-2 КЗ цепи на питание
B1212	Блок переключателей EIC-2 КЗ цепи на массу
B1213	Число запрограммированных ключей иммобилайзера ниже минимума
B1214	Подножка лампа отказ цепи
B1215	Подножка лампа КЗ цепи на питание
B1216	Экстренная/дорожная помощь выключатель КЗ цепи на массу
B1217	Клаксон обмотка реле отказ цепи
B1218	Клаксон обмотка реле цепь КЗ на питание АКБ
B1219	Топливо Tank датчик давления отказ цепи
B1220	Топливо Tank датчик давления обрыв цепи
B1222	Топливо датчик температуры # 1 отказ цепи
B1223	Топливо датчик температуры # 1 обрыв цепи
B1224	Топливо датчик температуры # 1 КЗ цепи на питание
B1225	Топливо датчик температуры # 1 КЗ цепи на массу
B1226	Топливо датчик температуры # 2 отказ цепи
B1227	Топливо датчик температуры # 2 обрыв цепи
B1228	Топливо датчик температуры # 2 КЗ цепи на питание
B1229	Топливо датчик температуры # 2 КЗ цепи на массу
B1231	Превышен порог продольного ускорения
B1232	См. документацию производителя
B1233	Датчик разбития стекла отказ
B1234	Зеркало выключатель неверный Code
B1235	Стекло обратная связь отказ
B1236	Стекло обратная связь Loss сигнал
B1237	Стекло обратная связь вне диапазона
B1238	Over температура неисправность
B1239	Заслонка смешивания потока воздуха водителя отказ цепи
B1240	Омыватель стеклоочистителя задний насос реле отказ цепи
B1241	Омыватель стеклоочистителя задний насос реле КЗ цепи на питание
B1242	Заслонка рециркуляции воздуха водителя отказ цепи
B1243	Быстрое опускание стекла выключатель КЗ цепи на питание
B1244	Стеклоочиститель задний электродвигатель Run реле отказ цепи
B1245	Стеклоочиститель задний электродвигатель Run реле КЗ цепи на питание
B1246	Диммер панели потенциометр выключатель отказ цепи
B1247	Диммер панели выключатель обрыв цепи
B1249	Заслонка смешивания отказ
B1250	Воздух температура Internal датчик отказ цепи
B1251	Воздух температура Internal датчик обрыв цепи
B1252	Воздух температура Internal датчик КЗ цепи на питание
B1253	Воздух температура Internal датчик КЗ цепи на массу
B1254	Воздух температура External датчик отказ цепи
B1255	Воздух температура External датчик обрыв цепи
B1256	Воздух температура External датчик КЗ цепи на питание
B1257	Воздух температура External датчик КЗ цепи на массу
B1258	Датчик солнечного излучения отказ цепи
B1259	Датчик солнечного излучения обрыв цепи
B1260	Датчик солнечного излучения КЗ цепи на питание
B1261	Датчик солнечного излучения КЗ цепи на массу
B1262	Серводвигатель обдув стекла отказ цепи
B1263	Серводвигатель обдув отказ цепи
B1264	Серводвигатель в ноги отказ цепи
B1265	Серводвигатель холодный воздух байпас отказ цепи
B1266	Серводвигатель Airintake левый отказ цепи
B1267	Серводвигатель Airintake правый отказ цепи
B1268	Серводвигатель потенциометр обдув стекла отказ цепи
B1269	Серводвигатель потенциометр обдув стекла обрыв цепи
B1270	Серводвигатель потенциометр обдув стекла КЗ цепи на питание
B1271	Серводвигатель потенциометр обдув стекла КЗ цепи на массу
B1272	Серводвигатель потенциометр обдув отказ цепи
B1273	Серводвигатель потенциометр обдув обрыв цепи
B1274	Серводвигатель потенциометр обдув КЗ цепи на питание
B1275	Серводвигатель потенциометр обдув КЗ цепи на массу
B1276	Серводвигатель потенциометр в ноги отказ цепи
B1277	Серводвигатель потенциометр в ноги обрыв цепи
B1278	Серводвигатель потенциометр в ноги КЗ цепи на питание
B1279	Серводвигатель потенциометр в ноги КЗ цепи на массу
B1280	Серводвигатель потенциометр холодный воздух отказ цепи
B1281	Серводвигатель потенциометр холодный воздух обрыв цепи
B1282	Серводвигатель потенциометр холодный воздух КЗ цепи на питание
B1283	Серводвигатель потенциометр холодный воздух КЗ цепи на массу
B1284	Серводвигатель потенциометр Airintake левый отказ цепи
B1285	Серводвигатель потенциометр Airintake левый обрыв цепи
B1286	Серводвигатель потенциометр Airintake левый КЗ цепи на питание
B1287	Серводвигатель потенциометр Airintake левый КЗ цепи на массу
B1288	Серводвигатель потенциометр Airintake правый отказ цепи
B1289	Серводвигатель потенциометр Airintake правый обрыв цепи
B1290	Серводвигатель потенциометр Airintake правый КЗ цепи на питание
B1291	Серводвигатель потенциометр Airintake правый КЗ цепи на массу
B1292	АКБ питание реле отказ цепи
B1293	АКБ питание реле обрыв цепи
B1294	АКБ питание реле КЗ цепи на питание
B1295	АКБ питание реле КЗ цепи на массу
B1296	Питание питание датчик отказ цепи
B1297	Питание питание датчик обрыв цепи
B1298	Питание питание датчик КЗ цепи на питание
B1299	Питание питание датчик КЗ цепи на массу
B1300	Питание дверь Lock отказ цепи
B1301	Питание дверь Lock обрыв цепи
B1302	Accessory Delay обмотка реле отказ цепи
B1303	Accessory Delay обмотка реле обрыв цепи
B1304	Accessory Delay обмотка реле КЗ цепи на питание
B1305	Accessory Delay обмотка реле КЗ цепи на массу
B1306	Масло уровень выключатель обрыв цепи
B1307	Масло уровень выключатель КЗ цепи на питание
B1308	Масло уровень выключатель КЗ цепи на массу
B1309	Питание дверь Lock КЗ цепи на массу
B1310	Питание дверь Unlock отказ цепи
B1311	Питание дверь Unlock обрыв цепи
B1312	Лампа Headlamp вход КЗ цепи на питание
B1313	АКБ Saver обмотка реле отказ цепи
B1314	АКБ Saver обмотка реле обрыв цепи
B1315	АКБ Saver обмотка реле КЗ цепи на питание
B1316	АКБ Saver обмотка реле КЗ цепи на массу
B1317	АКБ напряжение высокий
B1318	АКБ напряжение низкий
B1319	Водителя дверь Ajar отказ цепи
B1320	Водителя дверь Ajar обрыв цепи
B1321	Водителя дверь Ajar КЗ цепи на питание
B1322	Водителя дверь Ajar КЗ цепи на массу
B1323	Дверь Ajar лампа отказ цепи
B1324	Дверь Ajar лампа обрыв цепи
B1325	Дверь Ajar лампа КЗ цепи на питание
B1326	Дверь Ajar лампа КЗ цепи на массу
B1327	Пассажира дверь Ajar отказ цепи
B1328	Пассажира дверь Ajar обрыв цепи
B1329	Пассажира дверь Ajar КЗ цепи на питание
B1330	Пассажира дверь Ajar КЗ цепи на массу
B1331	Decklid Ajar задний дверь отказ цепи
B1332	Decklid Ajar задний дверь обрыв цепи
B1333	Decklid Ajar задний дверь КЗ цепи на питание
B1334	Decklid Ajar задний дверь КЗ цепи на массу
B1335	Дверь Ajar RR отказ цепи
B1336	Дверь Ajar RR обрыв цепи
B1337	Дверь Ajar RR КЗ цепи на питание
B1338	Дверь Ajar RR КЗ цепи на массу
B1339	Chime вход Request КЗ цепи на питание
B1340	Chime вход Request КЗ цепи на массу
B1341	Питание дверь Unlock КЗ цепи на массу
B1342	ECU Defective
B1343	Heated Backlite вход отказ цепи
B1344	Heated Backlite вход обрыв цепи
B1345	Heated Backlite вход КЗ цепи на массу
B1346	Heated Backlite вход КЗ цепи на питание
B1347	Heated Backlite реле отказ цепи
B1348	Heated Backlite реле обрыв цепи
B1349	Heated Backlite реле КЗ на питание
B1350	Heated Backlite реле КЗ на массу
B1351	Зажигание Key-In КЗ цепи на питание
B1352	Зажигание Key-In отказ цепи
B1353	Зажигание Key-In обрыв цепи
B1354	Зажигание Key-In КЗ цепи на массу
B1355	Зажигание Run отказ цепи
B1356	Зажигание Run обрыв цепи
B1357	Зажигание Run КЗ цепи на питание
B1358	Зажигание Run КЗ цепи на массу
B1359	Зажигание Run/Acc отказ цепи
B1360	Зажигание Run/Acc обрыв цепи
B1361	Зажигание Run/Acc КЗ цепи на питание
B1362	Зажигание Run/Acc КЗ цепи на массу
B1363	Зажигание Start отказ цепи
B1364	Зажигание Start обрыв цепи
B1365	Зажигание Start КЗ цепи на питание
B1366	Зажигание Start КЗ цепи на массу
B1367	Зажигание Tach отказ цепи
B1368	Зажигание Tach обрыв цепи
B1369	Зажигание Tach КЗ цепи на питание
B1370	Зажигание Tach КЗ цепи на массу
B1371	Illuminated Entry реле отказ цепи
B1372	Illuminated Entry реле обрыв цепи
B1373	Illuminated Entry реле КЗ на питание
B1374	Illuminated Entry реле КЗ на массу
B1375	Масло Change лампа обрыв цепи
B1376	Масло Change лампа КЗ цепи на питание
B1377	Масло Change лампа отказ цепи
B1378	Масло Change лампа КЗ цепи на массу
B1379	Масло Change Reset кнопка КЗ цепи на массу
B1380	Масло Change Reset кнопка отказ цепи
B1381	Масло Change Reset кнопка обрыв цепи
B1382	Масло Change Reset кнопка КЗ цепи на питание
B1383	Масло уровень лампа КЗ цепи на питание
B1384	Масло уровень лампа отказ цепи
B1385	Масло уровень лампа обрыв цепи
B1386	Масло уровень лампа КЗ цепи на массу
B1387	Масло датчик температуры обрыв цепи
B1388	Масло датчик температуры КЗ цепи на питание
B1389	Масло датчик температуры отказ цепи
B1390	Масло датчик температуры КЗ цепи на массу
B1391	Масло уровень выключатель отказ цепи
B1392	Питание дверь Memory Lock реле отказ цепи
B1393	Питание дверь Memory Lock реле обрыв цепи
B1394	Питание дверь Memory Lock реле КЗ цепи на питание
B1395	Питание дверь Memory Lock реле КЗ цепи на массу
B1396	Питание дверь Lock КЗ цепи на питание
B1397	Питание дверь Unlock КЗ цепи на питание
B1398	Водителя электростеклоподъёмник One Touch стекло реле отказ цепи
B1399	Водителя электростеклоподъёмник One Touch стекло реле обрыв цепи
B1400	Водителя электростеклоподъёмник One Touch стекло реле КЗ цепи на питание
B1401	Водителя электростеклоподъёмник One Touch стекло реле КЗ цепи на массу
B1402	Водителя электростеклоподъёмник вниз выключатель отказ цепи
B1403	Водителя электростеклоподъёмник вверх выключатель отказ цепи
B1404	Водителя электростеклоподъёмник вниз обрыв цепи
B1405	Водителя электростеклоподъёмник вниз КЗ цепи на питание
B1406	Водителя электростеклоподъёмник вниз КЗ цепи на массу
B1407	Водителя электростеклоподъёмник вверх обрыв цепи
B1408	Водителя электростеклоподъёмник вверх КЗ цепи на питание
B1409	Водителя электростеклоподъёмник вверх КЗ цепи на массу
B1410	Водителя электростеклоподъёмник электродвигатель отказ цепи
B1411	Водителя электростеклоподъёмник электродвигатель обрыв цепи
B1412	Водителя электростеклоподъёмник электродвигатель КЗ цепи на питание
B1413	Водителя электростеклоподъёмник электродвигатель КЗ цепи на массу
B1414	Электростеклоподъёмник LR электродвигатель отказ цепи
B1415	Электростеклоподъёмник LR электродвигатель обрыв цепи
B1416	Электростеклоподъёмник LR электродвигатель КЗ цепи на питание
B1417	Электростеклоподъёмник LR электродвигатель КЗ цепи на массу
B1418	Пассажира электростеклоподъёмник электродвигатель отказ цепи
B1419	Пассажира электростеклоподъёмник электродвигатель обрыв цепи
B1420	Пассажира электростеклоподъёмник электродвигатель КЗ цепи на питание
B1421	Пассажира электростеклоподъёмник электродвигатель КЗ цепи на массу
B1422	Электростеклоподъёмник RR электродвигатель отказ цепи
B1423	Электростеклоподъёмник RR электродвигатель обрыв цепи
B1424	Электростеклоподъёмник RR электродвигатель КЗ цепи на питание
B1425	Электростеклоподъёмник RR электродвигатель КЗ цепи на массу
B1426	Лампа ремень безопасности КЗ цепи на питание
B1427	Лампа ремень безопасности обрыв цепи
B1428	Лампа ремень безопасности отказ цепи
B1429	Лампа ремень безопасности КЗ цепи на массу
B1430	Ремень безопасности выключатель КЗ цепи на массу
B1431	Стеклоочиститель Brake/Run реле отказ цепи
B1432	Стеклоочиститель Brake/Run реле КЗ цепи на питание
B1433	Стеклоочиститель Brake/Run реле КЗ цепи на массу
B1434	Стеклоочиститель Hi/Low скорость обмотка реле отказ цепи
B1435	Стеклоочиститель Hi/Low скорость обмотка реле обрыв цепи
B1436	Стеклоочиститель Hi/Low скорость обмотка реле КЗ цепи на питание
B1437	Стеклоочиститель Hi/Low скорость обмотка реле КЗ цепи на массу
B1438	Стеклоочиститель Mode Select выключатель отказ цепи
B1439	Стеклоочиститель Mode Select выключатель обрыв цепи
B1440	Стеклоочиститель Mode Select выключатель КЗ цепи на питание
B1441	Стеклоочиститель Mode Select выключатель КЗ цепи на массу
B1442	Дверь Handle выключатель отказ цепи
B1443	Дверь Handle выключатель обрыв цепи
B1444	Дверь Handle выключатель КЗ цепи на питание
B1445	Дверь Handle выключатель КЗ цепи на массу
B1446	Стеклоочиститель Park Sense отказ цепи
B1447	Стеклоочиститель Park Sense обрыв цепи
B1448	Стеклоочиститель Park Sense КЗ цепи на питание
B1449	Стеклоочиститель Park Sense КЗ цепи на массу
B1450	Стеклоочиститель Wash/Delay выключатель отказ цепи
B1451	Стеклоочиститель Wash/Delay выключатель обрыв цепи
B1452	Стеклоочиститель Wash/Delay выключатель КЗ цепи на питание
B1453	Стеклоочиститель Wash/Delay выключатель КЗ цепи на массу
B1454	Омыватель стеклоочистителя жидкость лампа отказ цепи
B1455	Омыватель стеклоочистителя жидкость лампа обрыв цепи
B1456	Омыватель стеклоочистителя жидкость лампа КЗ цепи на питание
B1457	Омыватель стеклоочистителя жидкость лампа КЗ цепи на массу
B1458	Омыватель стеклоочистителя насос электродвигатель реле отказ цепи
B1459	Омыватель стеклоочистителя насос электродвигатель обмотка реле обрыв цепи
B1460	Омыватель стеклоочистителя насос электродвигатель обмотка реле КЗ цепи на питание
B1461	Омыватель стеклоочистителя насос электродвигатель обмотка реле КЗ цепи на массу
B1462	Ремень безопасности выключатель отказ цепи
B1463	Ремень безопасности выключатель обрыв цепи
B1464	Ремень безопасности выключатель КЗ цепи на питание
B1465	Стеклоочиститель Brake/Run реле обрыв цепи
B1466	Стеклоочиститель Hi/Low скорость Not Switching
B1467	Стеклоочиститель Hi/Low скорость цепь электродвигатель КЗ на питание
B1468	Chime вход Request отказ цепи
B1469	Chime вход Request обрыв цепи
B1470	Лампа Headlamp вход отказ цепи
B1471	Лампа Headlamp вход обрыв цепи
B1472	Лампа Headlamp вход КЗ цепи на массу
B1473	Стеклоочиститель низкий скорость цепь электродвигатель отказ
B1474	АКБ Saver питание реле КЗ цепи на питание
B1475	Accessory Delay реле Contact КЗ на питание
B1476	Стеклоочиститель высокий скорость цепь электродвигатель отказ
B1477	Стеклоочиститель Hi/Low цепь электродвигатель КЗ на массу
B1478	Электростеклоподъёмник One Touch Up/Down Activated Simultaneously
B1479	Омыватель стеклоочистителя жидкость датчик уровня отказ цепи
B1480	Омыватель стеклоочистителя жидкость датчик уровня обрыв цепи
B1481	Омыватель стеклоочистителя жидкость датчик уровня КЗ цепи на питание
B1482	Омыватель стеклоочистителя жидкость датчик уровня КЗ цепи на массу
B1483	Тормоз Pedal вход отказ цепи
B1484	Тормоз Pedal вход обрыв цепи
B1485	Тормоз Pedal вход цепь АКБ КЗ
B1486	Тормоз Pedal вход цепь масса КЗ
B1487	Дверь Handle правый передний отказ цепи
B1488	Дверь Handle правый передний обрыв цепи
B1489	Дверь Handle правый передний КЗ на питание
B1490	Дверь Handle правый передний КЗ на массу
B1491	Зажигание цилиндр датчик отказ цепи
B1492	Зажигание цилиндр датчик обрыв цепи
B1493	Зажигание цилиндр датчик АКБ КЗ
B1494	Зажигание цилиндр датчик масса КЗ
B1495	Decklid Punch-Out датчик отказ цепи
B1496	Decklid Punch-Out датчик обрыв цепи
B1497	Decklid Punch-Out датчик АКБ КЗ
B1498	Decklid Punch-Out датчик масса КЗ
B1499	Лампа Turn сигнал левый отказ цепи
B1500	Лампа Turn сигнал левый обрыв цепи
B1501	Лампа Turn сигнал левый КЗ цепи на питание
B1502	Лампа Turn сигнал левый КЗ цепи на массу
B1503	Лампа Turn сигнал правый отказ цепи
B1504	Лампа Turn сигнал правый обрыв цепи
B1505	Лампа Turn сигнал правый КЗ цепи на питание
B1506	Лампа Turn сигнал правый КЗ цепи на массу
B1507	Flash на Pass выключатель отказ цепи
B1508	Flash на Pass выключатель обрыв цепи
B1509	Flash на Pass выключатель КЗ цепи на питание
B1510	Flash на Pass выключатель КЗ цепи на массу
B1511	Водителя дверь Handle отказ цепи
B1512	Водителя дверь Handle обрыв цепи
B1513	Водителя дверь Handle КЗ цепи на питание
B1514	Водителя дверь Handle КЗ цепи на массу
B1515	Сиденье водителя Occupied выключатель отказ цепи
B1516	Сиденье водителя Occupied выключатель обрыв цепи
B1517	Сиденье водителя Occupied выключатель КЗ цепи на питание
B1518	Сиденье водителя Occupied выключатель КЗ цепи на массу
B1519	Hood выключатель отказ цепи
B1520	Hood выключатель обрыв цепи
B1521	Hood выключатель КЗ цепи на питание
B1522	Hood выключатель КЗ цепи на массу
B1523	Keyless Entry отказ цепи
B1524	Keyless Entry обрыв цепи
B1525	Keyless Entry КЗ цепи на питание
B1526	Keyless Entry КЗ цепи на массу
B1527	Memory Set выключатель отказ цепи
B1528	Memory Set выключатель обрыв цепи
B1529	Memory Set выключатель КЗ цепи на питание
B1530	Memory Set выключатель КЗ цепи на массу
B1531	Memory 1 выключатель отказ цепи
B1532	Memory 1 выключатель обрыв цепи
B1533	Memory 1 выключатель КЗ цепи на питание
B1534	Memory 1 выключатель КЗ цепи на массу
B1535	Memory 2 выключатель отказ цепи
B1536	Memory 2 выключатель обрыв цепи
B1537	Memory 2 выключатель КЗ цепи на питание
B1538	Memory 2 выключатель КЗ цепи на массу
B1539	Зеркало водителя выключатель узел отказ цепи
B1540	Зеркало водителя выключатель узел обрыв цепи
B1541	Зеркало водителя выключатель узел КЗ цепи на питание
B1542	Зеркало водителя выключатель узел КЗ цепи на массу
B1543	Сиденье Direction выключатель узел отказ цепи
B1544	Сиденье Direction выключатель узел обрыв цепи
B1545	Сиденье Direction выключатель узел КЗ цепи на питание
B1546	Сиденье Direction выключатель узел КЗ цепи на массу
B1547	Электростеклоподъёмник Master отказ цепи
B1548	Электростеклоподъёмник Master обрыв цепи
B1549	Электростеклоподъёмник Master КЗ цепи на питание
B1550	Электростеклоподъёмник Master КЗ цепи на массу
B1551	Decklid Release отказ цепи
B1552	Decklid Release обрыв цепи
B1553	Decklid Release КЗ цепи на питание
B1554	Decklid Release КЗ цепи на массу
B1555	Зажигание Run/Start отказ цепи
B1556	Зажигание Run/Start обрыв цепи
B1557	Зажигание Run/Start КЗ цепи на питание
B1558	Зажигание Run/Start КЗ цепи на массу
B1559	Дверь Lock цилиндр отказ цепи
B1560	Дверь Lock цилиндр обрыв цепи
B1561	Дверь Lock цилиндр КЗ цепи на питание
B1562	Дверь Lock цилиндр КЗ цепи на массу
B1563	Дверь Ajar отказ цепи
B1564	Дверь Ajar обрыв цепи
B1565	Дверь Ajar КЗ цепи на питание
B1566	Дверь Ajar КЗ цепи на массу
B1567	Лампа Headlamp High-Beam отказ цепи
B1568	Лампа Headlamp High-Beam обрыв цепи
B1569	Лампа Headlamp High-Beam КЗ цепи на питание
B1570	Лампа Headlamp High-Beam КЗ цепи на массу
B1571	Дверь Ajar LR отказ цепи
B1572	Дверь Ajar LR обрыв цепи
B1573	Дверь Ajar LR КЗ цепи на питание
B1574	Дверь Ajar LR КЗ цепи на массу
B1575	Лампа Park вход отказ цепи
B1576	Лампа Park вход обрыв цепи
B1577	Лампа Park вход КЗ цепи на питание
B1578	Лампа Park вход КЗ цепи на массу
B1579	Диммер панели Increase вход отказ цепи
B1580	Диммер панели Increase вход обрыв цепи
B1581	Диммер панели Increase вход КЗ цепи на питание
B1582	Диммер панели Increase вход КЗ цепи на массу
B1583	Диммер панели Decrease вход отказ цепи
B1584	Диммер панели Decrease вход обрыв цепи
B1585	Диммер панели Decrease вход КЗ цепи на питание
B1586	Диммер панели Decrease вход КЗ цепи на массу
B1587	Autolamp Delay Increase отказ цепи
B1588	Autolamp Delay Increase обрыв цепи
B1589	Autolamp Delay Increase КЗ цепи на питание
B1590	Autolamp Delay Increase КЗ цепи на массу
B1591	Autolamp Delay Decrease отказ цепи
B1592	Autolamp Delay Decrease обрыв цепи
B1593	Autolamp Delay Decrease КЗ цепи на питание
B1594	Autolamp Delay Decrease КЗ цепи на массу
B1595	Зажигание выключатель Illegal вход Code
B1596	Service Continuous Codes
B1600	PATS зажигание Key Transponder сигнал Not Received
B1601	PATS Received некорректный Key-Code от зажигание Key Transponder
B1602	PATS Received неверный Format Key-Code от зажигание Key Transponder
B1603	Лампа противоугонная система индикатор отказ цепи
B1604	Лампа противоугонная система индикатор обрыв цепи
B1605	Лампа противоугонная система индикатор КЗ цепи на питание
B1606	Лампа противоугонная система индикатор КЗ цепи на массу
B1607	Illuminated Entry вход отказ цепи
B1608	Illuminated Entry вход обрыв цепи
B1609	Illuminated Entry вход КЗ на питание
B1610	Illuminated Entry вход КЗ на массу
B1611	Стеклоочиститель задний Mode Select выключатель отказ цепи
B1612	Стеклоочиститель задний Mode Select выключатель обрыв цепи
B1613	Стеклоочиститель задний Mode Select выключатель КЗ цепи на питание
B1614	Стеклоочиститель задний Mode Select выключатель КЗ цепи на массу
B1615	Стеклоочиститель задний Disable выключатель отказ цепи
B1616	Стеклоочиститель задний Disable выключатель обрыв цепи
B1617	Стеклоочиститель задний Disable выключатель КЗ цепи на питание
B1618	Стеклоочиститель задний Disable выключатель КЗ цепи на массу
B1619	Стеклоочиститель задний низкий Limit вход отказ цепи
B1620	Стеклоочиститель задний низкий Limit вход обрыв цепи
B1621	Стеклоочиститель задний низкий Limit вход КЗ цепи на питание
B1622	Стеклоочиститель задний низкий Limit вход КЗ цепи на массу
B1623	Лампа Keypad выход отказ цепи
B1624	Лампа Keypad выход обрыв цепи
B1625	Лампа Keypad выход КЗ на питание
B1626	Лампа Keypad выход КЗ на массу
B1627	PRNDL Reverse вход отказ цепи
B1628	PRNDL Reverse вход обрыв цепи
B1629	PRNDL Reverse вход КЗ на питание
B1630	PRNDL Reverse вход КЗ на массу
B1631	Зеркало водителя левый отказ цепи
B1632	Зеркало водителя левый обрыв цепи
B1633	Зеркало водителя левый КЗ цепи на питание
B1634	Зеркало водителя левый КЗ цепи на массу
B1635	Зеркало водителя правый отказ цепи
B1636	Зеркало водителя правый обрыв цепи
B1637	Зеркало водителя правый КЗ цепи на питание
B1638	Зеркало водителя правый КЗ на массу
B1639	Зеркало пассажира левый отказ цепи
B1640	Зеркало пассажира левый обрыв цепи
B1641	Зеркало пассажира левый КЗ цепи на питание
B1642	Зеркало пассажира левый КЗ цепи на массу
B1643	Зеркало пассажира правый отказ цепи
B1644	Зеркало пассажира правый обрыв цепи
B1645	Зеркало пассажира правый КЗ цепи на питание
B1646	Зеркало пассажира правый КЗ цепи на массу
B1647	Сиденье водителя Recline Forward отказ цепи
B1648	Сиденье водителя Recline Forward обрыв цепи
B1649	Сиденье водителя Recline Forward КЗ цепи на питание
B1650	Сиденье водителя Recline Forward КЗ цепи на массу
B1651	Сиденье водителя Recline Backward отказ цепи
B1652	Сиденье водителя Recline Backward обрыв цепи
B1653	Сиденье водителя Recline Backward КЗ цепи на питание
B1654	Сиденье водителя Recline Backward КЗ цепи на массу
B1655	Сиденье водителя задний вверх отказ цепи
B1656	Сиденье водителя задний вверх обрыв цепи
B1657	Сиденье водителя задний вверх КЗ цепи на питание
B1658	Сиденье водителя задний вверх КЗ цепи на массу
B1659	Сиденье водителя передний вверх отказ цепи
B1660	Сиденье водителя передний вверх обрыв цепи
B1661	Сиденье водителя передний вверх КЗ цепи на питание
B1662	Сиденье водителя передний вверх КЗ цепи на массу
B1663	Сиденье водителя передний Up/Down электродвигатель Stalled
B1664	Сиденье водителя задний Up/Down электродвигатель Stalled
B1665	Сиденье водителя Forward/Backward электродвигатель Stalled
B1666	Сиденье водителя Recline электродвигатель Stalled
B1667	Зеркало водителя Up/Down электродвигатель Stalled
B1668	Зеркало водителя Right/Left электродвигатель Stalled
B1669	Зеркало пассажира Up/Down электродвигатель Stalled
B1670	Зеркало пассажира Right/Left электродвигатель Stalled
B1671	АКБ модуль напряжение вне диапазона
B1672	Сиденье водителя Occupied вход отказ цепи
B1673	Сиденье водителя Occupied вход обрыв цепи
B1674	Сиденье водителя Occupied вход КЗ цепи на питание
B1675	Сиденье водителя Occupied вход КЗ цепи на массу
B1676	АКБ Pack напряжение вне диапазона
B1677	Alarm Panic вход отказ цепи
B1678	Alarm Panic вход обрыв цепи
B1679	Alarm Panic вход КЗ цепи на питание
B1680	Alarm Panic вход КЗ цепи на массу
B1681	PATS Transceiver модуль сигнал Not Received
B1682	PATS Disabled (Check Link Between PATS и Transponder)
B1683	Зеркало Driver/Passenger выключатель отказ цепи
B1684	Зеркало Driver/Passenger выключатель обрыв цепи
B1685	Лампа Dome вход отказ цепи
B1686	Лампа Dome вход обрыв цепи
B1687	Лампа Dome вход КЗ цепи на питание
B1688	Лампа Dome вход КЗ цепи на массу
B1689	Autolamp Delay отказ цепи
B1690	Autolamp Delay обрыв цепи
B1691	Autolamp Delay КЗ цепи на питание
B1692	Autolamp Delay КЗ цепи на массу
B1693	Autolamp на отказ цепи
B1694	Autolamp на обрыв цепи
B1695	Autolamp на КЗ цепи на питание
B1696	Autolamp на КЗ цепи на массу
B1697	Зеркало Driver/Passenger выключатель КЗ цепи на питание
B1698	Зеркало Driver/Passenger выключатель КЗ цепи на массу
B1701	Сиденье водителя Recline Forward выключатель отказ цепи
B1702	Сиденье водителя Recline Forward выключатель обрыв цепи
B1703	Сиденье водителя Recline Forward выключатель КЗ цепи на питание
B1704	Сиденье водителя Recline Forward выключатель КЗ цепи на массу
B1705	Сиденье водителя Recline Rearward выключатель отказ цепи
B1706	Сиденье водителя Recline Rearward выключатель обрыв цепи
B1707	Сиденье водителя Recline Rearward выключатель КЗ цепи на питание
B1708	Сиденье водителя Recline Rearward выключатель КЗ цепи на массу
B1709	Сиденье водителя передний вверх выключатель отказ цепи
B1710	Сиденье водителя передний вверх выключатель обрыв цепи
B1711	Сиденье водителя передний вверх выключатель КЗ цепи на питание
B1712	Сиденье водителя передний вверх выключатель КЗ цепи на массу
B1713	Сиденье водителя передний вниз выключатель отказ цепи
B1714	Сиденье водителя передний вниз выключатель обрыв цепи
B1715	Сиденье водителя передний вниз выключатель КЗ цепи на питание
B1716	Сиденье водителя передний вниз выключатель КЗ цепи на массу
B1717	Сиденье водителя Forward выключатель отказ цепи
B1718	Сиденье водителя Forward выключатель обрыв цепи
B1719	Сиденье водителя Forward выключатель КЗ цепи на питание
B1720	Сиденье водителя Forward выключатель КЗ цепи на массу
B1721	Сиденье водителя Rearward выключатель отказ цепи
B1722	Сиденье водителя Rearward выключатель обрыв цепи
B1723	Сиденье водителя Rearward выключатель КЗ цепи на питание
B1724	Сиденье водителя Rearward выключатель КЗ цепи на массу
B1725	Сиденье водителя задний вверх выключатель отказ цепи
B1726	Сиденье водителя задний вверх выключатель обрыв цепи
B1727	Сиденье водителя задний вверх выключатель КЗ цепи на питание
B1728	Сиденье водителя задний вверх выключатель КЗ цепи на массу
B1729	Сиденье водителя задний вниз выключатель отказ цепи
B1730	Сиденье водителя задний вниз выключатель обрыв цепи
B1731	Сиденье водителя задний вниз выключатель КЗ цепи на питание
B1732	Сиденье водителя задний вниз выключатель КЗ цепи на массу
B1733	Зеркало водителя Vertical выключатель отказ цепи
B1734	Зеркало водителя Vertical выключатель обрыв цепи
B1735	Зеркало водителя Vertical выключатель КЗ цепи на питание
B1736	Зеркало водителя Vertical выключатель КЗ цепи на массу
B1737	Зеркало водителя Horizontal выключатель отказ цепи
B1738	Зеркало водителя Horizontal выключатель обрыв цепи
B1739	Зеркало водителя Horizontal выключатель КЗ цепи на питание
B1740	Зеркало водителя Horizontal выключатель КЗ цепи на массу
B1741	Зеркало пассажира Vertical выключатель отказ цепи
B1742	Зеркало пассажира Vertical выключатель обрыв цепи
B1743	Зеркало пассажира Vertical выключатель КЗ цепи на питание
B1744	Зеркало пассажира Vertical выключатель КЗ цепи на массу
B1745	Зеркало пассажира Horizontal выключатель отказ цепи
B1746	Зеркало пассажира Horizontal выключатель обрыв цепи
B1747	Зеркало пассажира Horizontal выключатель КЗ цепи на питание
B1748	Зеркало пассажира Horizontal выключатель КЗ цепи на массу
B1749	Выключатель P/N отказ цепи
B1750	Выключатель P/N обрыв цепи
B1751	Выключатель P/N КЗ цепи на питание
B1752	Выключатель P/N КЗ цепи на массу
B1753	Hazard Flash выход отказ цепи
B1754	Hazard Flash выход обрыв цепи
B1755	Hazard Flash выход цепь КЗ АКБ
B1756	Hazard Flash выход КЗ цепи на массу
B1757	Сиденье водителя задний вниз отказ цепи
B1758	Сиденье водителя задний вниз обрыв цепи
B1759	Сиденье водителя задний вниз КЗ цепи на питание
B1760	Сиденье водителя задний вниз КЗ цепи на массу
B1761	Сиденье водителя передний вниз отказ цепи
B1762	Сиденье водителя передний вниз обрыв цепи
B1763	Сиденье водителя передний вниз КЗ цепи на питание
B1764	Сиденье водителя передний вниз КЗ цепи на массу
B1765	Сиденье водителя Forward отказ цепи
B1766	Сиденье водителя Forward обрыв цепи
B1767	Сиденье водителя Forward КЗ цепи на питание
B1768	Сиденье водителя Forward КЗ цепи на массу
B1769	Сиденье водителя Backward отказ цепи
B1770	Сиденье водителя Backward обрыв цепи
B1771	Сиденье водителя Backward КЗ цепи на питание
B1772	Сиденье водителя Backward КЗ цепи на массу
B1773	Зеркало водителя вверх отказ цепи
B1774	Зеркало водителя вверх обрыв цепи
B1775	Зеркало водителя вверх КЗ цепи на питание
B1776	Зеркало водителя вверх КЗ цепи на массу
B1778	Зеркало водителя вниз отказ цепи
B1779	Зеркало водителя вниз обрыв цепи
B1780	Зеркало водителя вниз КЗ цепи на питание
B1781	Зеркало водителя вниз КЗ на массу
B1782	Зеркало пассажира вверх отказ цепи
B1783	Зеркало пассажира вверх обрыв цепи
B1784	Зеркало пассажира вверх КЗ цепи на питание
B1785	Зеркало пассажира вверх КЗ цепи на массу
B1786	Зеркало пассажира вниз отказ цепи
B1787	Зеркало пассажира вниз обрыв цепи
B1788	Зеркало пассажира вниз КЗ цепи на питание
B1789	Зеркало пассажира вниз КЗ цепи на массу
B1790	Autolamp датчик вход отказ цепи
B1791	Autolamp датчик вход обрыв цепи
B1792	Autolamp датчик вход КЗ цепи на питание
B1793	Autolamp датчик вход КЗ цепи на массу
B1794	Лампа Headlamp Low-Beam отказ цепи
B1795	Лампа Headlamp Low-Beam обрыв цепи
B1796	Лампа Headlamp Low-Beam КЗ цепи на питание
B1797	Лампа Headlamp Low-Beam КЗ цепи на массу
B1798	Лампа Turn сигнал передний выход отказ цепи
B1799	Лампа Turn сигнал передний выход обрыв цепи
B1800	Лампа Turn сигнал передний выход КЗ цепи на питание
B1801	Лампа Turn сигнал передний выход КЗ цепи на массу
B1802	Лампа Turn сигнал задний выход отказ цепи
B1803	Лампа Turn сигнал задний выход обрыв цепи
B1804	Лампа Turn сигнал задний выход КЗ цепи на питание
B1805	Лампа Turn сигнал задний выход КЗ цепи на массу
B1806	Лампа Tail выход отказ цепи
B1807	Лампа Tail выход обрыв цепи
B1808	Лампа Tail выход КЗ цепи на питание
B1809	Лампа Tail выход КЗ цепи на массу
B1810	Лампа Backup выключатель вход отказ цепи
B1811	Лампа Backup выключатель вход обрыв цепи
B1812	Лампа Backup выключатель вход КЗ цепи на питание
B1813	Лампа Backup выключатель вход КЗ цепи на массу
B1814	Стеклоочиститель задний электродвигатель вниз обмотка реле отказ цепи
B1815	Стеклоочиститель задний электродвигатель вниз обмотка реле обрыв цепи
B1816	Стеклоочиститель задний электродвигатель вниз обмотка реле КЗ цепи на питание
B1817	Стеклоочиститель задний электродвигатель вниз обмотка реле КЗ цепи на массу
B1818	Стеклоочиститель задний электродвигатель вверх обмотка реле отказ цепи
B1819	Стеклоочиститель задний электродвигатель вверх обмотка реле обрыв цепи
B1820	Стеклоочиститель задний электродвигатель вверх обмотка реле КЗ цепи на питание
B1821	Стеклоочиститель задний электродвигатель вверх обмотка реле КЗ цепи на массу
B1822	Стеклоочиститель задний Park Sense вход отказ цепи
B1823	Стеклоочиститель задний Park Sense вход обрыв цепи
B1824	Стеклоочиститель задний Park Sense вход КЗ цепи на питание
B1825	Стеклоочиститель задний Park Sense вход КЗ цепи на массу
B1826	Стеклоочиститель задний высокий Limit вход отказ цепи
B1827	Стеклоочиститель задний высокий Limit вход обрыв цепи
B1828	Стеклоочиститель задний высокий Limit вход КЗ цепи на питание
B1829	Стеклоочиститель задний высокий Limit вход КЗ цепи на массу
B1830	Дверь Unlock Disarm выключатель отказ цепи
B1831	Дверь Unlock Disarm выключатель обрыв цепи
B1832	Дверь Unlock Disarm выключатель КЗ цепи на питание
B1833	Дверь Unlock Disarm выключатель КЗ цепи на массу
B1834	Дверь Unlock Disarm выход отказ цепи
B1835	Дверь Unlock Disarm выход обрыв цепи
B1836	Дверь Unlock Disarm выход КЗ цепи на питание
B1837	Дверь Unlock Disarm выход КЗ цепи на массу
B1838	АКБ Saver питание реле отказ цепи
B1839	Стеклоочиститель задний электродвигатель отказ цепи
B1840	Стеклоочиститель передний питание отказ цепи
B1841	Стеклоочиститель передний питание обрыв цепи
B1842	Стеклоочиститель передний питание КЗ цепи на питание
B1843	Стеклоочиститель передний питание КЗ цепи на массу
B1844	Phone Handset отказ цепи
B1845	Зажигание Tamper отказ цепи
B1846	Зажигание Tamper обрыв цепи
B1847	Зажигание Tamper КЗ цепи на питание
B1848	Зажигание Tamper КЗ цепи на массу
B1849	Климат управление температура Differential отказ цепи
B1850	Климат управление температура Differential обрыв цепи
B1851	Климат управление температура Differential КЗ цепи на питание
B1852	Климат управление температура Differential КЗ цепи на массу
B1853	Климат управление воздух температура Internal датчик электродвигатель отказ цепи
B1854	Климат управление воздух температура Internal датчик электродвигатель обрыв цепи
B1855	Климат управление воздух температура Internal датчик электродвигатель КЗ цепи на питание
B1856	Климат управление воздух температура Internal датчик электродвигатель КЗ цепи на массу
B1857	Климат управление On/Off выключатель отказ цепи
B1858	Климат управление А/С давление выключатель отказ цепи
B1859	Климат управление А/С давление выключатель обрыв цепи
B1860	Климат управление А/С давление выключатель КЗ цепи на питание
B1861	Климат управление А/С давление выключатель КЗ цепи на массу
B1862	Климат управление А/С Lock датчик отказ
B1863	Масса ECU обрыв цепи
B1864	АКБ питание питание ECU отказ цепи
B1865	АКБ питание питание ECU обрыв цепи
B1866	АКБ питание питание ECU КЗ цепи на питание
B1867	АКБ питание питание ECU КЗ цепи на массу
B1868	Лампа подушка безопасности Warning индикатор отказ цепи
B1869	Лампа подушка безопасности Warning индикатор обрыв цепи
B1870	Лампа подушка безопасности Warning индикатор КЗ цепи на питание
B1871	Пассажира подушка безопасности Disable модуль неисправность
B1872	Turn сигнал/ Hazard питание Feed КЗ цепи на питание
B1873	Turn сигнал/ Hazard питание Feed КЗ цепи на массу
B1874	Cellular Phone Handset Not Present
B1875	Turn сигнал/ Hazard выключатель сигнал отказ цепи
B1876	Seatbelt водителя Pretensioner отказ цепи
B1877	Seatbelt водителя Pretensioner обрыв цепи
B1878	Seatbelt водителя Pretensioner КЗ цепи на питание
B1879	Seatbelt водителя Pretensioner КЗ цепи на массу
B1880	Seatbelt пассажира Pretensioner отказ цепи
B1881	Seatbelt пассажира Pretensioner обрыв цепи
B1882	Seatbelt пассажира Pretensioner КЗ цепи на питание
B1883	Seatbelt пассажира Pretensioner КЗ цепи на массу
B1884	PAD Warning лампа Inoperative
B1885	Seatbelt водителя Pretensioner цепь сопротивление низкий на Squib
B1886	Seatbelt пассажира Pretensioner цепь сопротивление низкий на Squib
B1887	Подушка безопасности водителя цепь сопротивление низкий или Shorted Together
B1888	Подушка безопасности пассажира цепь сопротивление низкий или Shorted Together
B1889	Пассажира Airbag Disable модуль датчик Obstructed
B1890	PAD Warning лампа КЗ цепи на питание
B1891	Подушка безопасности Tone Warning индикатор КЗ цепи на питание
B1892	Подушка безопасности Tone Warning индикатор отказ цепи
B1893	GPS Antenna обрыв цепи
B1894	Стеклоочиститель задний электродвигатель скорость Sense отказ цепи
B1897	Клаксон выключатель отказ цепи
B1898	Chime вход # 2 КЗ цепи на массу
B1899	Microphone вход сигнал обрыв цепи
B1900	Сторона водителя Airbag неисправность
B1901	Подушка безопасности Crash датчик # 1 Feed/Return КЗ цепи на массу
B1902	Подушка безопасности Crash датчик # 1 масса отказ цепи
B1903	Подушка безопасности Crash датчик # 1 масса КЗ цепи на питание
B1904	Подушка безопасности Crash датчик # 2 Feed/Return отказ цепи
B1905	Подушка безопасности Crash датчик # 2 Feed/Return КЗ цепи на питание
B1906	Подушка безопасности Crash датчик # 2 Feed/Return КЗ цепи на массу
B1907	Подушка безопасности Crash датчик # 2 масса отказ цепи
B1908	Подушка безопасности Crash датчик # 2 масса КЗ цепи на питание
B1909	Подушка безопасности Crash датчик # 2 масса КЗ цепи на массу
B1910	Подушка безопасности Diagnostic Monitor масса отказ цепи
B1911	Подушка безопасности Diagnostic Monitor масса КЗ цепи на питание
B1912	Подушка безопасности Diagnostic Monitor масса КЗ цепи на массу
B1913	Подушка безопасности Driver/Passenger КЗ цепи на массу
B1914	Подушка безопасности Crash Sensors # 1/ # 2 КЗ цепи на массу
B1915	Подушка безопасности водителя отказ цепи
B1916	Подушка безопасности водителя КЗ цепи на питание
B1917	Подушка безопасности Memory Clear отказ цепи
B1918	Подушка безопасности Memory Clear обрыв цепи
B1919	Подушка безопасности Memory Clear КЗ цепи на питание
B1920	Подушка безопасности пассажира отказ цепи
B1921	Подушка безопасности Diagnostic Monitor масса обрыв цепи
B1922	Подушка безопасности Safing датчик выход КЗ цепи на питание
B1923	Подушка безопасности Memory Clear КЗ цепи на массу
B1924	Подушка безопасности Internal Diagnostic Monitor неисправность или система Disarm неисправность
B1925	Подушка безопасности пассажира КЗ цепи на питание
B1926	Подушка безопасности пассажира давление выключатель отказ цепи
B1927	Сторона пассажира Airbag неисправность
B1928	Подушка безопасности Safing датчик выход отказ цепи
B1929	Подушка безопасности Safing датчик выход обрыв цепи
B1930	Подушка безопасности Safing датчик выход КЗ цепи на массу
B1931	Подушка безопасности Crash датчик # 1 Feed/Return отказ цепи
B1932	Подушка безопасности водителя обрыв цепи
B1933	Подушка безопасности пассажира обрыв цепи
B1934	Подушка безопасности водителя Inflator цепь сопротивление низкий на Squib
B1935	Подушка безопасности пассажира Inflator цепь сопротивление низкий на Squib
B1936	Подушка безопасности водителя КЗ цепи на массу
B1937	Подушка безопасности пассажира давление выключатель обрыв цепи
B1938	Подушка безопасности пассажира КЗ цепи на массу
B1939	Подушка безопасности пассажира давление выключатель КЗ цепи на массу
B1941	Подушка безопасности Crash датчик # 1 Feed/Return обрыв цепи
B1942	Подушка безопасности Crash датчик # 2 Feed/Return обрыв цепи
B1943	Подушка безопасности Crash датчик # 1 масса КЗ цепи на массу
B1944	Подушка безопасности Crash датчик # 1 масса обрыв цепи
B1945	Подушка безопасности Crash датчик # 2 масса обрыв цепи
B1946	Климат управление А/С Post Evaporator датчик отказ цепи
B1947	Климат управление А/С Post Evaporator датчик КЗ цепи на массу
B1948	Климат управление Water датчик температуры отказ цепи
B1949	Климат управление Water датчик температуры КЗ цепи на массу
B1950	Сиденье задний Up/Down потенциометр обратная связь отказ цепи
B1951	Сиденье задний Up/Down потенциометр обратная связь обрыв цепи
B1952	Сиденье задний Up/Down потенциометр обратная связь КЗ цепи на питание
B1953	Сиденье задний Up/Down потенциометр обратная связь КЗ цепи на массу
B1954	Сиденье передний Up/Down потенциометр обратная связь отказ цепи
B1955	Сиденье передний Up/Down потенциометр обратная связь обрыв цепи
B1956	Сиденье передний Up/Down потенциометр обратная связь КЗ цепи на питание
B1957	Сиденье передний Up/Down потенциометр обратная связь КЗ цепи на массу
B1958	Сиденье Recline Forward/Backward потенциометр обратная связь отказ цепи
B1959	Сиденье Recline Forward/Backward потенциометр обратная связь обрыв цепи
B1960	Сиденье Recline Forward/Backward потенциометр обратная связь КЗ цепи на питание
B1961	Сиденье Recline Forward/Backward потенциометр обратная связь КЗ цепи на массу
B1962	Сиденье Horizontal Forward/Rearward потенциометр обратная связь отказ цепи
B1963	Сиденье Horizontal Forward/Rearward потенциометр обратная связь обрыв цепи
B1964	Сиденье Horizontal Forward/Rearward потенциометр обратная связь КЗ цепи на питание
B1965	Сиденье Horizontal Forward/Rearward потенциометр обратная связь КЗ цепи на массу
B1966	А/С Post подогреватель датчик отказ цепи
B1967	А/С Post подогреватель датчик КЗ цепи на массу
B1968	А/С Water насос Detection отказ цепи
B1969	А/С сцепление Magnetic управление отказ цепи
B1970	Пассажира Seatback Forward выключатель КЗ цепи на массу
B1971	Пассажира Seatback Rearward выключатель КЗ цепи на массу
B1972	Пассажира задний сиденье вверх выключатель КЗ цепи на питание
B1973	Пассажира задний сиденье вниз выключатель КЗ цепи на питание
B1979	Пассажира сиденье Rearward выключатель КЗ цепи на питание
B1980	Bulb - Outage Condition обнаружено
B1981	Memory Off выключатель КЗ цепи на питание
B1984	Сиденье выключатель Lumbar Inflate отказ цепи
B1985	Сиденье выключатель Lumbar Deflate отказ цепи
B1987	Pedal Forward/ Rearward электродвигатель Stalled
B1988	Pedal положение Forward выключатель КЗ цепи на питание
B1989	Pedal положение Rearward выключатель КЗ цепи на питание
B1990	Pedal Forward/ Rearward потенциометр обратная связь отказ цепи
B1991	Pedal Forward/ Rearward потенциометр обратная связь КЗ цепи на питание
B1992	Сторона водителя
B1993	Сторона водителя
B1994	Сторона водителя
B1995	Сторона водителя
B1996	Сторона пассажира
B1997	Сторона пассажира
B1998	Сторона пассажира
B1999	Сторона пассажира
B2100	Дверь водителя Key цилиндр выключатель отказ
B2101	Head Rest выключатель отказ цепи
B2102	Antenna КЗ цепи на массу
B2103	Antenna Not Connected
B2104	Дверь пассажира Key цилиндр выключатель отказ
B2105	Дроссель положение вход вне диапазона низкий
B2106	Дроссель положение вход вне диапазона высокий
B2107	Передний стеклоочиститель электродвигатель реле цепь КЗ на питание АКБ
B2108	Trunk Key цилиндр выключатель отказ
B2109	Heated Wind Shield реле КЗ на питание АКБ (changed от отказ 2/6/97)
B2110	Передний стеклоочиститель электродвигатель реле обрыв цепи (changed от отказ 2/6/97)
B2111	All дверь Lock вход КЗ на массу
B2112	Дверь водителя Set выключатель Stuck отказ
B2113	Heated Windshield вход КЗ на массу
B2114	Передний омыватель вход КЗ на массу
B2115	Задний омыватель вход КЗ на массу
B2116	Дверь водителя Reset выключатель Stuck отказ
B2117	Сторона водителя
B2118	Сторона пассажира
B2119	Compressor отказ
B2120	Дверь пассажира Set выключатель Stuck отказ
B2122	Сторона водителя Satellite связь КЗ цепи на массу
B2123	Сторона пассажира Satellite связь КЗ цепи на массу
B2124	Дверь пассажира Reset выключатель Stuck отказ
B2128	Central Lock электродвигатель отказ
B2129	Central Lock обратная связь отказ
B2130	Double Lock Timeout отказ
B2131	Double Lock обратная связь отказ
B2132	Dimmer выключатель цепь КЗ на Gnd
B2133	Тормоз электродвигатель Warning лампа отказ цепи
B2134	Тормоз электродвигатель Warning лампа цепь КЗ на питание АКБ
B2135	Park тормоз Applied Warning лампа отказ цепи
B2136	Park тормоз Applied Warning лампа КЗ цепи на питание
B2139	Данные Mismatch (receive данные does not match what was expected)
B2141	NVM конфигурация отказ
B2142	NVM TIC отказ
B2143	NVM Memory отказ
B2144	NVM Alarm данные отказ
B2145	NVM RF HR отказ
B2146	Сиденье Recline электродвигатель положение вне диапазона
B2148	PWM вход отказ цепи
B2149	Сиденье передний Vertical электродвигатель положение вне диапазона
B2150	Питание питание # 1 КЗ цепи на массу
B2151	Питание питание # 2 КЗ цепи на массу
B2152	Сиденье задний Vertical электродвигатель положение вне диапазона
B2153	Задний Echo датчик отказ цепи
B2154	Передний Echo датчик отказ цепи
B2155	Сиденье Horizontal электродвигатель положение вне диапазона
B2156	Задний Doppler датчик отказ цепи
B2157	Передний Doppler датчик отказ цепи
B2158	Сиденье Recline электродвигатель Memory положение вне диапазона
B2159	Memory # 1 выход КЗ на массу
B2160	Memory # 1 выход КЗ на питание АКБ
B2161	Сиденье передний Vertical электродвигатель Memory положение вне диапазона
B2162	Данные Mismatch # 2 (receive данные does not match what was expected)
B2163	Сцепление положение неисправность
B2164	Сиденье задний Vertical электродвигатель Memory положение вне диапазона
B2165	Gear shift положение неисправность
B2166	Gear select положение неисправность
B2167	Сиденье Horizontal электродвигатель Memory положение вне диапазона
B2168	Unable на confirm Unlock Condition
B2169	Unable на confirm lock Condition
B2170	Рулевое Column Lock выключатель отказ цепи
B2172	Inertia выключатель вход обрыв цепи
B2174	Стекло водителя задний Remote вверх выключатель КЗ на питание
B2175	А/С Request сигнал КЗ цепи на массу
B2176	Overdrive выключатель цепь КЗ на питание АКБ
B2177	Interior Scanning датчик отказ цепи
B2178	Стекло водителя задний Remote вниз выключатель КЗ на питание
B2179	Передний стеклоочиститель Select выключатель " A " КЗ на массу
B2180	Передний стеклоочиститель Select выключатель " B " КЗ на массу
B2181	Передний стеклоочиститель Select выключатель " C " КЗ на массу
B2182	Стекло пассажира передний Remote вверх выключатель КЗ на питание
B2183	Передний стеклоочиститель Select выключатель " H " КЗ на массу
B2184	Передний стеклоочиститель Select выключатель " W " КЗ на массу
B2185	Задний стеклоочиститель Select выключатель " D " КЗ на массу
B2186	Стекло пассажира передний Remote вниз выключатель КЗ на питание
B2187	Задний стеклоочиститель Select выключатель " B " КЗ на массу
B2188	Задний стеклоочиститель Select выключатель " E " КЗ на массу
B2190	Стекло пассажира задний Remote вверх выключатель КЗ на питание
B2194	Стекло пассажира задний Remote вниз выключатель КЗ на питание
B2195	Водителя стекло вверх/ вниз питание КЗ цепи на массу
B2196	Пассажира стекло вверх/ вниз питание КЗ цепи на массу
B2197	TV модуль Error
B2198	TrafficMaster модуль Error
B2199	VICS модуль Error
B2200	Нет связь на TV модуль (нет Fitting TV)
B2201	Нет связь с Traffic MasterModule
B2202	Нет связь на VICS модуль (нет Fitting VICS)
B2203	CD-ROM Error
B2204	GPS Antenna Connection обрыв или КЗ
B2205	GPS Receiver Error
B2206	Gyroscope Error
B2207	ECU ROM Checksum Error
B2208	Связь Link на Display и выключатель модуль Error
B2209	Interior лампа Override выключатель обрыв цепи
B2210	Interior лампа Override выключатель КЗ на массу
B2211	Низкий ОЖ лампа выход КЗ цепи на питание
B2214	Стекло пассажира передний вверх выключатель КЗ на питание
B2215	Стекло пассажира передний вниз выключатель КЗ на питание
B2219	Стекло водителя передний ток обратная связь превышен
B2220	Стекло водителя задний ток обратная связь превышен
B2221	Стекло пассажира передний ток обратная связь превышен
B2222	Стекло пассажира задний ток обратная связь превышен
B2223	Зеркало водителя Drive отказ цепи
B2224	Зеркало пассажира Drive отказ цепи
B2225	Передний Crash датчик Mount неисправность
B2226	Передний Crash датчик Internal неисправность
B2227	Передний Crash датчик водителя Communications неисправность
B2228	Подушка безопасности водителя КЗ цепи на массу - Loop # 2
B2229	Подушка безопасности пассажира КЗ цепи на массу - Loop # 2
B2230	Подушка безопасности водителя КЗ цепи на питание - Loop # 2
B2231	Подушка безопасности пассажира КЗ цепи на питание - Loop # 2
B2232	Подушка безопасности водителя обрыв цепи - Loop # 2
B2233	Подушка безопасности пассажира обрыв цепи - Loop # 2
B2234	Подушка безопасности водителя Inflator цепь сопротивление низкий на Squib - Loop # 2
B2235	Подушка безопасности пассажира Inflator цепь
B2236	Weak или Defected Electric Vehicle АКБ модуль неисправность
B2237	Vehicle сигнал indicating Park While VSS Present
B2238	Питание Cable для питание Sliding дверь Broken
B2239	Задний Cargo дверь Set выключатель Stuck (КЗ на массу)
B2240	Задний Cargo дверь Reset выключатель Stuck (КЗ на массу)
B2241	Задний Cargo дверь Lock КЗ цепи на массу
B2242	Задний Cargo дверь Unlock обрыв цепи
B2243	Водителя задний дверь Ajar обрыв цепи
B2244	Водителя Sliding дверь Ajar цепь КЗ на GND
B2245	Пассажира задний дверь Ajar обрыв цепи
B2246	Пассажира Sliding дверь Ajar цепь КЗ на GND
B2247	EV АКБ Pack температура неисправность
B2248	Heated Windshield обмотка реле отказ цепи
B2249	Head лампа обмотка реле КЗ на питание
B2250	All Doors Unlock реле отказ цепи
B2251	Parklamp выход реле водителя отказ цепи
B2252	Parklamp выход реле Dirver КЗ на питание
B2300	Сиденье водителя Memory положение Error
B2301	Сиденье пассажира Memory положение Error
B2302	Сиденье Headrest обратная связь потенциометр отказ цепи
B2303	Сиденье Headrest обратная связь потенциометр обрыв цепи
B2304	Сиденье Headrest обратная связь потенциометр КЗ цепи на питание
B2305	Сиденье Headrest обратная связь потенциометр КЗ цепи на массу
B2306	Сиденье Headrest электродвигатель Stalled
B2310	Зеркало водителя Memory положение Error
B2311	Зеркало пассажира Memory положение Error
B2312	Зеркало пассажира Horizontal обратная связь потенциометр отказ цепи
B2313	Зеркало пассажира Horizontal обратная связь потенциометр обрыв цепи
B2314	Зеркало пассажира Horizontal обратная связь потенциометр КЗ цепи на питание
B2315	Зеркало пассажира Horizontal обратная связь потенциометр КЗ цепи на массу
B2316	Зеркало пассажира Vertical обратная связь потенциометр отказ цепи
B2317	Зеркало пассажира Vertical обратная связь потенциометр обрыв цепи
B2318	Зеркало пассажира Vertical обратная связь потенциометр КЗ цепи на питание
B2319	Зеркало пассажира Vertical обратная связь потенциометр КЗ цепи на массу
B2320	Зеркало водителя Horizontal обратная связь потенциометр отказ цепи
B2321	Зеркало водителя Horizontal обратная связь потенциометр обрыв цепи
B2322	Зеркало водителя Horizontal обратная связь потенциометр КЗ цепи на питание
B2323	Зеркало водителя Horizontal обратная связь потенциометр КЗ цепи на массу
B2324	Зеркало водителя Vertical обратная связь потенциометр отказ цепи
B2325	Зеркало водителя Vertical обратная связь потенциометр обрыв цепи
B2326	Зеркало водителя Vertical обратная связь потенциометр КЗ цепи на питание
B2327	Зеркало водителя Vertical обратная связь потенциометр КЗ цепи на массу
B2328	Column Reach обратная связь потенциометр отказ цепи
B2329	Column Reach обратная связь потенциометр обрыв цепи
B2330	Column Reach обратная связь потенциометр КЗ цепи на питание
B2331	Column Reach обратная связь потенциометр КЗ цепи на массу
B2332	Column Tilt обратная связь потенциометр отказ цепи
B2333	Column Tilt обратная связь потенциометр обрыв цепи
B2334	Column Tilt обратная связь потенциометр КЗ цепи на питание
B2335	Column Tilt обратная связь потенциометр КЗ цепи на массу
B2336	Зеркало выключатель узел отказ цепи
B2337	Зеркало выключатель узел обрыв цепи
B2338	Зеркало выключатель узел КЗ цепи на питание
B2339	Зеркало выключатель узел КЗ цепи на массу
B2340	Column Reach электродвигатель Stalled
B2341	Column Tilt электродвигатель Stalled
B2342	Сиденье выключатель Reference напряжение Positive Common обрыв цепи
B2343	Сиденье выключатель Reference напряжение Positive Common питание низкое напряжение
B2344	Сиденье выключатель Reference напряжение Positive Common питание напряжение неисправность
B2345	Сиденье выключатель Reference напряжение Negative Common обрыв цепи
B2346	Зеркало выключатель Reference напряжение Positive Common обрыв цепи
B2347	Зеркало выключатель Reference напряжение Positive Common питание низкое напряжение
B2348	Зеркало выключатель Reference напряжение Positive Common питание напряжение неисправность
B2349	Зеркало выключатель Reference напряжение Negative Common обрыв цепи
B2350	Рулевое Column выключатель КЗ цепи на питание
B2351	Рулевое Column выключатель отказ цепи
B2352	Водителя Memory питание выключатель индикатор КЗ цепи на питание
B2353	Водителя зеркало питание водителя цепь КЗ масса
B2354	Водителя зеркало Horizontal/ Vertical обратная связь потенциометр обрыв цепи
B2355	Пассажира зеркало Horizontal/ Vertical обратная связь потенциометр обрыв цепи
B2357	Водителя стекло вниз ток Sense низкий отказ цепи
B2362	Remote Open/Close сигнал КЗ цепи на массу
B2363	Optical датчик система отказ
B2364	Топливо Filler дверь обрыв цепи
B2365	B-pillar питание Sliding дверь Open/Close выключатель вход Ckt КЗ на Gnd
B2366	IP питание Sliding дверь Open/Close выключатель Ckt КЗ на Gnd
B2367	Питание Sliding дверь Override выключатель вход Ckt КЗ на Gnd
B2368	Рулевое Column выключатель цепь вне диапазона
B2369	Chime выход Request Ckt КЗ на массу
B2373	LED # 1 КЗ цепи на питание
B2374	Питание Sliding Detent (Latch) отказ цепи
B2380	Подогреватель ОЖ Temp датчик цепь КЗ на GND
B2381	Подогреватель ОЖ Temp датчик обрыв цепи
B2384	Audio Reverse Aid Mute вход Ckt отказ
B2385	Audio Navigation Mute вход Ckt отказ
B2401	Audio Tape Deck Mechanism неисправность
B2402	Audio CD/DJ Thermal Shutdown неисправность
B2403	Audio CD/DJ Internal неисправность
B2404	Audio рулевое колесо выключатель цепь неисправность
B2405	Audio Single-Disc CD Player Thermal Shutdown неисправность
B2406	Audio Single-Disc CD Player Internal неисправность
B2416	Климат управление рециркуляция привод Out Limits
B2425	Remote Keyless Entry Out Synchronization
B2426	Пассажира датчик солнечного излучения обрыв цепи
B2427	Пассажира датчик солнечного излучения КЗ цепи на массу
B2428	А/С Post подогреватель датчик # 2 отказ цепи
B2429	А/С Post подогреватель датчик # 2 КЗ цепи на массу
B2431	Transponder Programming Failed
B2432	Drivers ремень безопасности Buckle выключатель обрыв цепи
B2433	Drivers ремень безопасности Buckle выключатель КЗ цепи на питание
B2434	Drivers ремень безопасности Buckle выключатель КЗ цепи на массу
B2435	Drivers ремень безопасности Buckle выключатель сопротивление вне диапазона
B2436	Passengers ремень безопасности Buckle выключатель обрыв цепи
B2437	Passengers ремень безопасности Buckle выключатель КЗ цепи на питание
B2438	Passengers ремень безопасности Buckle выключатель КЗ цепи на массу
B2439	Passengers ремень безопасности Buckle выключатель сопротивление вне диапазона
B2440	Сторона пассажира
B2441	Сторона водителя
B2442	Intrusion датчик неисправность
B2443	Powertrain производительность Mode выключатель отказ цепи
B2444	Сторона водителя Crash датчик Internal неисправность
B2445	Сторона пассажира Crash датчик Internal неисправность
B2446	RESCU/VEMS вход обрыв цепи
B2447	RESCU/VEMS вход КЗ цепи на питание
B2448	RESCU/VEMS вход КЗ цепи на массу
B2449	Aux подогреватель Glow Plug КЗ цепи на массу
B2450	Aux подогреватель Glow Plug обрыв цепи
B2451	Aux подогреватель топливный насос КЗ цепи на массу
B2452	Aux подогреватель топливный насос обрыв цепи
B2453	Aux подогреватель Blower Fan КЗ цепи на массу
B2454	Aux подогреватель Blower Fan обрыв цепи
B2455	Aux подогреватель Blower Faulted
B2456	Aux подогреватель ОЖ датчик КЗ цепи на массу
B2457	Aux подогреватель ОЖ датчик обрыв цепи
B2458	Aux подогреватель Overheat датчик КЗ цепи на массу
B2459	Aux подогреватель Overheat датчик обрыв цепи
B2460	Aux подогреватель Flame датчик КЗ цепи на массу
B2461	Aux подогреватель Flame датчик обрыв цепи
B2462	Aux подогреватель Flame Out неисправность
B2463	Aux подогреватель Overheat неисправность
B2464	Aux подогреватель Start Time превышен
B2465	Aux подогреватель Start Counter Overrun/System Locked (same as ниже ?)
B2466	Aux подогреватель Overheat Counter Overrun/System Locked
B2467	Aux подогреватель Cool вниз Time превышен (may be con на a453-5)
B2468	Aux подогреватель ОЖ насос КЗ цепи на массу
B2469	Aux подогреватель ОЖ насос обрыв цепи
B2470	Interior управление вентилятором КЗ цепи на массу
B2471	Interior управление вентилятором обрыв цепи
B2472	Fog лампа выключатель отказ
B2473	Пассажира дверь Disarm выключатель ckt КЗ на массу
B2474	Пассажира дверь Lock выключатель цепь Shorted на масса
B2475	Пассажира дверь Unlock выключатель цепь Shorted на масса
B2476	RADIO PRESENT выключатель Ckt отказ
B2477	Модуль конфигурация отказ
B2478	ANTI THEFT вход сигнал КЗ на массу
B2479	Тормоз PARK выключатель КЗ цепи на массу
B2480	LF CORNER лампа выход Ckt КЗ на питание
B2481	Convertible Top Up/Down выключатель неисправность
B2482	RF CORNER лампа выход Ckt КЗ на питание
B2483	Enable сигнал обрыв цепи
B2484	Disable сигнал КЗ на массу
B2485	LF сторона REPEATER лампа выход Ckt КЗ на питание
B2487	RF сторона REPEATER лампа выход Ckt КЗ на питание
B2489	UNDERHOOD лампа выход отказ цепи
B2490	UNDERHOOD лампа выход КЗ цепи на питание
B2491	RF PARK лампа выход КЗ цепи на питание
B2492	Already запрограммированных (Test Mode DTC Only ! ! !)
B2493	LF PARK лампа выход КЗ цепи на питание
B2494	ANTI THEFT клаксон выход цепь КЗ на Batt
B2495	ANTI THEFT клаксон выход отказ цепи
B2496	ANTI THEFT клаксон выход цепь КЗ на Gnd
B2499	COURTESY лампа выход отказ
B2500	COURTESY лампа выход Ckt КЗ на питание
B2501	LF лампа низкий BEAM отказ цепи
B2502	LF лампа низкий BEAM КЗ цепи на питание
B2503	RF лампа низкий BEAM отказ цепи
B2504	RF лампа низкий BEAM КЗ цепи на питание
B2505	LF лампа высокий BEAM отказ цепи
B2506	LF лампа высокий BEAM КЗ цепи на питание
B2507	RF лампа высокий BEAM отказ цепи
B2508	RF лампа высокий BEAM КЗ цепи на питание
B2509	Задний Fog лампа выключатель отказ цепи
B2510	Main Blower электродвигатель реле КЗ цепи на питание
B2511	Клаксон выход реле КЗ цепи на питание
B2512	Передний Fog лампа реле Ckt КЗ на питание
B2513	Blower (Fan) отказ цепи
B2514	Blower (Fan) цепь КЗ на питание АКБ
B2515	Подогреватель Blower реле отказ цепи
B2516	Blower управление отказ цепи
B2517	Аварийный питание Off система Faulted
B2518	Compressor Overtemp неисправность
B2519	Высокий Mount Stop лампа отказ цепи
B2520	Высокий Mount Stop лампа КЗ цепи на питание
B2523	License лампа отказ цепи
B2524	License лампа КЗ цепи на питание
B2525	Левый задний Backup лампа отказ цепи
B2526	Левый задний Backup лампа КЗ цепи на питание
B2527	Левый задний Stop лампа отказ цепи
B2528	Левый задний Stop лампа КЗ цепи на питание
B2529	Левый задний Turn лампа отказ цепи
B2530	Левый задний Turn лампа КЗ цепи на питание
B2531	Правый задний Backup лампа отказ цепи
B2532	Правый задний Backup лампа КЗ цепи на питание
B2533	Правый задний Stop лампа отказ цепи
B2534	Правый задний Stop лампа КЗ цепи на питание
B2535	Правый задний Turn лампа отказ цепи
B2536	Правый задний Turn лампа КЗ цепи на питание
B2539	Aux А/С Mode положение Reference КЗ цепи на массу
B2540	Aux А/С Mode положение Reference КЗ цепи на питание
B2543	Aux А/С управление выключатель Reference КЗ цепи на массу
B2544	Aux А/С управление выключатель Reference КЗ цепи на питание
B2545	Система питание реле КЗ цепи на питание
B2546	Система питание реле отказ цепи
B2550	Лампа DOME выход КЗ цепи на массу
B2553	Disable сигнал выход КЗ цепи на питание
B2554	Лампа DOME выход отказ цепи
B2555	Лампа DOME выход КЗ цепи на питание
B2556	Enable сигнал КЗ цепи на питание
B2557	Левый питание Sliding дверь Open/Close выход КЗ цепи на питание
B2558	Правый питание Sliding дверь Open/Close выход КЗ цепи на питание
B2559	Aux А/С Blower электродвигатель реле КЗ цепи на питание
B2560	Aux А/С Blower электродвигатель реле КЗ цепи на массу
B2561	Aux А/С Blower скорость 1 отказ цепи
B2562	Aux А/С Blower скорость 1 КЗ цепи на массу
B2563	Aux А/С Blower скорость 2 отказ цепи
B2564	Aux А/С Blower скорость 2 КЗ цепи на массу
B2565	Правый Tail лампа отказ цепи
B2566	Правый Tail лампа КЗ цепи на массу
B2567	Reverse зеркало выход отказ цепи
B2568	Reverse зеркало выход КЗ цепи на массу
B2569	Liftgate Disarm выключатель КЗ цепи на массу
B2570	Правый лампа Outage сигнал КЗ цепи на массу
B2571	Левый лампа Outage сигнал КЗ цепи на массу
B2580	Aux Blower Sense выключатель отказ цепи
B2581	Пассажира сиденье Occupant Detection КЗ цепи на массу
B2582	Пассажира сиденье Occupant Detection обрыв цепи
B2583	Child сиденье Detection КЗ цепи на массу
B2584	Child сиденье Detection обрыв цепи
B2585	Anti Theft вход сигнал КЗ цепи на питание
B2586	Headlamp Mode Select отказ цепи
B2587	Пассажира сиденье Occupant Detection КЗ цепи на питание
B2588	Child сиденье Detection КЗ цепи на питание
B2589	Unexpected дверь Reversal During Close
B2590	Vehicle Park/Speed сигнал отказ цепи
B2591	Detent сигнал отсутствует During Unlatch
B2592	PSD Not Fully Closed (модуль Commanded Successfully)
B2593	Питание Sliding дверь Opened During модуль Close Command
B2594	Нет Movement обнаружено After an Unlatch During питание обрыв
B2595	Anti Theft вход сигнал отказ цепи
B2596	Headlamp Aim выход реле КЗ цепи на питание
B2597	Headlamp Aim выход реле отказ цепи
B2598	Headlamp реле отказ цепи
B2599	Tailgate Release обрыв цепи
B2600	Double Locking дверь электродвигатель Frozen
B2601	Нет Latch сигнал Sensed на Closing и дверь Reversed
B2602	Отсутствует Latch сигнал During питание Sliding дверь Unlatch
B2603	PSD Not Fully Closed During Self-Test
B2604	Питание Sliding дверь On/Off выключатель обрыв цепи
B2605	Disable сигнал обрыв цепи
B2606	А/С датчик температуры вне диапазона
C1091	Скорость колесо датчик All Coherency отказ
C1095	ABS Hydraulic насос электродвигатель отказ цепи
C1096	ABS Hydraulic насос электродвигатель обрыв цепи
C1097	ABS Hydraulic насос электродвигатель КЗ цепи на массу
C1098	ABS Hydraulic насос электродвигатель КЗ цепи на питание
C1100	ABS насос выключатель отказ цепи
C1101	ABS Hydraulic клапан отказ цепи
C1102	ABS ускорение выключатель отказ цепи
C1103	ABS Hydraulic выключатель тормоза отказ цепи
C1104	Traction управление Active лампа - КЗ цепи на питание
C1105	Traction управление Disable лампа - КЗ цепи на питание
C1106	Traction управление Disable выключатель КЗ цепи на питание
C1107	ABS Function Enabled вход отказ цепи
C1109	Скорость управление привод узел Cable Release отказ
C1110	ABS питание обмотка реле отказ цепи
C1111	ABS питание обмотка реле обрыв цепи
C1112	ABS питание обмотка реле КЗ на массу
C1113	ABS питание обмотка реле КЗ на питание
C1114	ABS питание реле выход КЗ на массу
C1115	ABS питание реле выход КЗ на питание
C1116	Starter электродвигатель отказ цепи
C1117	RPM вход отказ цепи
C1123	Датчик скорости автомобиля вход КЗ на питание
C1124	Вход shaft скорость сигнал missing/faulted
C1125	Тормоз жидкость датчик уровня вход отказ цепи
C1126	Cruise управление Command выключатель узел отказ цепи
C1127	Cruise управление Deactivator выключатель тормоза отказ цепи
C1132	Сцепление положение ckt КЗ на массу
C1133	Сцепление положение ckt КЗ на питание
C1134	Gear Shift положение КЗ на массу
C1135	Gear Shift положение КЗ на питание
C1136	Gear Select положение КЗ на массу
C1137	ECU Defective
C1138	Gear Select положение КЗ на питание
C1139	Скорость колеса датчик Center Tone Ring отсутствует Tooth неисправность
C1140	Hydraulic Base тормоз отказ
C1141	Скорость колеса датчик LF Tone Ring Tooth отсутствует неисправность
C1142	Скорость колеса датчик RF Tone Ring Tooth отсутствует неисправность
C1143	Скорость колеса датчик LR Tone Ring Tooth отсутствует неисправность
C1144	Скорость колеса датчик RR Tone Ring Tooth отсутствует неисправность
C1145	Скорость колесо датчик RF вход отказ цепи
C1146	Скорость колесо датчик RF обрыв цепи
C1148	Скорость колесо датчик RF Coherency неисправность
C1149	Hydraulic жидкость давление/ Flow отказ цепи
C1150	Two скорость задний Axle вход выключатель цепь КЗ на питание АКБ
C1155	Скорость колесо датчик LF вход отказ цепи
C1156	Скорость колесо датчик LF обрыв цепи
C1157	Park тормоз привод узел выключатель Applied отказ цепи
C1158	Скорость колесо датчик LF Coherency неисправность
C1159	Hydraulic жидкость давление/ Flow цепь КЗ на Gnd
C1161	Воздух давление низкий цепь КЗ на Gnd
C1162	Park выключатель тормоза # 2 Released отказ цепи
C1163	Park выключатель тормоза # 2 Applied цепь КЗ на Gnd
C1164	Park тормоз привод узел выключатель отказ цепи
C1165	Скорость колесо датчик RR вход отказ цепи
C1166	Скорость колесо датчик RR вход обрыв цепи
C1167	Park тормоз привод узел выключатель Released цепь КЗ на Gnd
C1168	Скорость колесо датчик RR Coherency неисправность
C1169	ABS жидкость Dumping Exceeds Maximum Timing
C1170	PRNDL выключатель отказ цепи
C1172	Park выключатель тормоза # 1 Applied отказ цепи
C1173	Park выключатель тормоза # 1 Released цепь КЗ на Gnd
C1174	Park выключатель тормоза # 2 Applied отказ цепи
C1175	Скорость колесо датчик LR вход отказ цепи
C1176	Скорость колесо датчик LR обрыв цепи
C1177	Park тормоз привод узел выключатель Released отказ цепи
C1178	Скорость колесо датчик LR Coherency неисправность
C1179	Скорость управление привод узел Cable Slack отказ
C1180	Park тормоз клапан соленоид # 1 Sense вход отказ цепи
C1181	Park тормоз клапан соленоид # 1 Sense вход цепь КЗ на Gound
C1182	Park лампа Flash реле отказ цепи
C1183	Park лампа Flash реле КЗ цепи на питание
C1184	ABS система Not Operational
C1185	ABS питание реле выход отказ цепи
C1186	ABS питание реле выход обрыв цепи
C1187	Тормоз жидкость датчик уровня вход обрыв цепи
C1188	Тормоз жидкость датчик уровня вход КЗ на питание
C1189	Тормоз жидкость датчик уровня вход КЗ на массу
C1190	Скорость колесо датчик LF вход КЗ на питание
C1191	Скорость колесо датчик LF вход КЗ на массу
C1192	Скорость колесо датчик RF вход КЗ на питание
C1193	Скорость колесо датчик RF вход КЗ на массу
C1194	ABS Outlet клапан катушка LF отказ цепи
C1195	ABS Outlet клапан катушка LF обрыв цепи
C1196	ABS Outlet клапан катушка LF КЗ цепи на питание
C1197	ABS Outlet клапан катушка LF КЗ цепи на массу
C1198	ABS Inlet клапан катушка LF отказ цепи
C1199	ABS Inlet клапан катушка LF обрыв цепи
C1200	ABS Inlet клапан катушка LF КЗ цепи на питание
C1201	ABS Inlet клапан катушка LF КЗ цепи на массу
C1202	ABS Outlet клапан катушка задний отказ цепи
C1203	ABS Outlet клапан катушка задний обрыв цепи
C1204	ABS Outlet клапан катушка задний КЗ цепи на питание
C1205	ABS Outlet клапан катушка задний КЗ цепи на массу
C1206	ABS Inlet клапан катушка задний отказ цепи
C1207	ABS Inlet клапан катушка задний обрыв цепи
C1208	ABS Inlet клапан катушка задний КЗ цепи на питание
C1209	ABS Inlet клапан катушка задний КЗ цепи на массу
C1210	ABS Outlet клапан катушка RF отказ цепи
C1211	ABS Outlet клапан катушка RF обрыв цепи
C1212	ABS Outlet клапан катушка RF КЗ цепи на питание
C1213	ABS Outlet клапан катушка RF КЗ цепи на массу
C1214	ABS Inlet клапан катушка RF отказ цепи
C1215	ABS Inlet клапан катушка RF обрыв цепи
C1216	ABS Inlet клапан катушка RF КЗ цепи на питание
C1217	ABS Inlet клапан катушка RF КЗ цепи на массу
C1218	Лампа ABS Warning выход отказ цепи
C1219	Лампа ABS Warning выход обрыв цепи
C1220	Лампа ABS Warning выход КЗ цепи на питание
C1221	Лампа ABS Warning выход КЗ цепи на массу
C1222	Скорость колесо Mismatch
C1223	Лампа тормоз Warning выход отказ цепи
C1224	Лампа тормоз Warning выход обрыв цепи
C1225	Лампа тормоз Warning выход КЗ цепи на питание
C1226	Лампа тормоз Warning выход КЗ цепи на массу
C1227	Скорость колесо датчик LR вход КЗ на питание
C1228	Скорость колесо датчик LR вход КЗ на массу
C1229	Скорость колесо датчик задний Center Coherency неисправность
C1230	Скорость колесо датчик задний Center вход отказ цепи
C1231	Скорость колесо датчик задний Center обрыв цепи
C1232	Скорость колесо датчик задний Center вход КЗ на питание
C1233	Скорость колесо LF вход сигнал отсутствует
C1234	Скорость колесо RF вход сигнал отсутствует
C1235	Скорость колесо RR вход сигнал отсутствует
C1236	Скорость колесо LR вход сигнал отсутствует
C1237	Скорость колесо задний вход сигнал отсутствует
C1238	ABS Hydraulic давление Differential выключатель вход отказ цепи
C1239	ABS Hydraulic давление Differential выключатель вход обрыв цепи
C1240	ABS Hydraulic давление Differential выключатель вход КЗ на питание
C1241	ABS Hydraulic давление Differential выключатель вход КЗ на массу
C1242	ABS Outlet клапан катушка LR отказ цепи
C1243	ABS Outlet клапан катушка LR обрыв цепи
C1244	ABS Outlet клапан катушка LR КЗ цепи на питание
C1245	ABS Outlet клапан катушка LR КЗ цепи на массу
C1246	ABS Outlet клапан катушка RR отказ цепи
C1247	ABS Outlet клапан катушка RR обрыв цепи
C1248	ABS Outlet клапан катушка RR КЗ цепи на питание
C1249	ABS Outlet клапан катушка RR КЗ цепи на массу
C1250	ABS Inlet клапан катушка LR отказ цепи
C1251	ABS Inlet клапан катушка LR обрыв цепи
C1252	ABS Inlet клапан катушка LR КЗ цепи на питание
C1253	ABS Inlet клапан катушка LR КЗ цепи на массу
C1254	ABS Inlet клапан катушка RR отказ цепи
C1255	ABS Inlet клапан катушка RR обрыв цепи
C1256	ABS Inlet клапан катушка RR КЗ цепи на питание
C1257	ABS Inlet клапан катушка RR КЗ цепи на массу
C1258	Скорость колесо LF Comparison отказ
C1259	Скорость колесо RF Comparison отказ
C1260	Скорость колесо RR Comparison отказ
C1261	Скорость колесо LR Comparison отказ
C1262	Лампа Warning реле отказ цепи
C1263	Лампа Warning реле обрыв цепи
C1264	Лампа Warning реле КЗ цепи на питание
C1265	Лампа Warning реле КЗ цепи на массу
C1266	ABS клапан питание реле отказ цепи
C1267	ABS Functions Temporarily Disabled
C1268	Электродвигатель реле # 1 отказ цепи
C1269	Электродвигатель реле # 1 КЗ цепи на питание
C1270	Электродвигатель # 1 вход отказ цепи
C1271	Электродвигатель # 1 вход цепь КЗ на Gnd
C1272	Электродвигатель # 2 вход отказ цепи
C1273	Электродвигатель # 2 вход цепь КЗ на Vbat
C1274	Соленоид реле # 1 отказ цепи
C1275	Соленоид реле # 1 цепь КЗ на питание АКБ
C1276	Park тормоз привод узел выключатель Applied цепь КЗ на Gnd
C1277	Рулевое колесо Angle 1and 2 отказ цепи
C1278	Рулевое колесо Angle 1and 2 сигнал Faulted
C1279	Yaw Rate датчик отказ цепи
C1280	Yaw Rate датчик сигнал неисправность
C1281	Lateral Accelerometer отказ цепи
C1282	Lateral Accelerometer сигнал неисправность
C1283	Выключатель Test сигнал отказ
C1284	Масло давление выключатель отказ
C1285	Booster соленоид отказ цепи
C1286	Booster Mechanical отказ
C1287	Booster Pedal Force выключатель отказ цепи
C1288	Давление Transducer Main/ основной вход отказ цепи
C1289	Давление Transducer Redundant/ вторичный вход отказ цепи
C1400	Traction управление клапан RF отказ цепи
C1401	Traction управление клапан RF обрыв цепи
C1402	Traction управление клапан RF КЗ цепи на массу
C1403	Traction управление клапан RF КЗ цепи на питание
C1404	Traction управление клапан задний отказ цепи
C1405	Traction управление клапан задний обрыв цепи
C1406	Traction управление клапан задний КЗ цепи на массу
C1407	Traction управление клапан задний КЗ цепи на питание
C1410	Traction управление клапан LF отказ цепи
C1411	Traction управление клапан LF обрыв цепи
C1412	Traction управление клапан LF КЗ цепи на массу
C1413	Traction управление клапан LF КЗ цепи на питание
C1414	Некорректный модуль Design уровень
C1415	Некорректный модуль конфигурация
C1416	Damper RF КЗ цепи на питание
C1417	Damper RF КЗ цепи на массу
C1418	Damper RF отказ цепи
C1419	Damper RF обрыв цепи
C1420	Hydraulic жидкость давление/ Flow цепь КЗ на питание АКБ
C1421	Damper LF КЗ цепи на питание
C1422	Damper LF КЗ цепи на массу
C1423	Damper LF отказ цепи
C1424	Damper LF обрыв цепи
C1425	Damper RR КЗ цепи на массу
C1426	Damper RR КЗ цепи на питание
C1427	Damper RR обрыв цепи
C1428	Damper RR отказ цепи
C1429	Input-shaft-speed вход отказ цепи
C1430	Damper LR обрыв цепи
C1431	Damper LR КЗ цепи на питание
C1432	Damper LR КЗ цепи на массу
C1433	Damper LR отказ цепи
C1435	Accelerometer задний отказ цепи
C1436	Accelerometer задний цепь сигнал Not Sensed
C1437	Accelerometer задний КЗ цепи на массу
C1438	Accelerometer задний КЗ цепи на питание
C1439	Vehicle ускорение EEC-IV отказ цепи
C1440	Давление Transducer Main/ основной сигнал Faulted
C1441	Рулевое Phase A цепь сигнал Not Sensed
C1442	Рулевое Phase B цепь сигнал Not Sensed
C1443	Рулевое Phase A КЗ цепи на массу
C1444	Рулевое Phase B КЗ цепи на массу
C1445	Скорость Vehicle сигнал отказ цепи
C1446	Выключатель тормоза отказ цепи
C1447	Traction модуль управления Request отказ цепи
C1448	Лампа Adaptive Damping Warning отказ цепи
C1449	Traction управление электродвигатель Coherency неисправность
C1450	Traction управление электродвигатель отказ цепи
C1451	Traction управление электродвигатель обрыв цепи
C1452	Traction управление электродвигатель КЗ цепи на питание
C1453	Traction управление электродвигатель КЗ цепи на массу
C1454	Передний Lateral Accelerometer отказ цепи
C1455	Accelerometer передний отказ цепи
C1456	Accelerometer передний цепь Not Sensed
C1457	Accelerometer передний КЗ цепи на массу
C1458	Accelerometer передний КЗ цепи на питание
C1459	Adaptive Mode выключатель отказ цепи
C1460	Vehicle Accelerometer питание отказ цепи
C1461	Vehicle Accelerometer питание КЗ цепи на питание
C1462	Левый передний Vertical Accelerometer отказ цепи
C1463	Правый передний Vertical Accelerometer отказ цепи
C1464	Давление Transducer Redundant/ вторичный сигнал Faulted
C1465	Damper высокий сторона передний КЗ цепи на питание
C1466	Damper отказ цепи
C1467	Damper высокий сторона задний КЗ цепи на питание
C1468	Damper низкий сторона передний отказ цепи
C1469	Damper низкий сторона задний отказ цепи
C1495	Traction управление электродвигатель потенциометр отказ цепи
C1496	Traction управление электродвигатель потенциометр обрыв цепи
C1497	Traction управление электродвигатель потенциометр КЗ цепи на питание
C1498	Traction управление электродвигатель потенциометр КЗ цепи на массу
C1499	Раздаточная коробка Contact Plate " A " Encoder отказ цепи
C1500	Раздаточная коробка Contact Plate " B " Encoder отказ цепи
C1501	Раздаточная коробка Contact Plate " C " Encoder отказ цепи
C1502	Раздаточная коробка Contact Plate " D " Encoder отказ цепи
C1503	Dynamic Stability управление левый передний клапан неисправность
C1504	Dynamic Stability управление правый передний клапан неисправность
C1505	Dynamic Stability управление левый задний клапан неисправность
C1506	Dynamic Stability управление правый задний клапан неисправность
C1507	Traction управление тормоз Exceeds Time-Out
C1508	Traction управление двигатель Exceeds Time-Out
C1510	Правый передний колесо давление Reduction производительность проблема
C1511	Левый передний колесо давление Reduction производительность проблема
C1512	Правый задний колесо давление Reduction производительность проблема
C1513	Левый задний колесо давление Reduction производительность проблема
C1699	Левый задний датчик цепь КЗ на Vbat
C1700	Левый задний датчик отказ цепи
C1701	Левый задний датчик цепь неисправность
C1702	RightRear датчик цепь КЗ на Vbat
C1703	Правый задний датчик отказ цепи
C1704	Правый задний датчик цепь неисправность
C1705	Левый задний Center датчик цепь КЗ на Vbat
C1706	Левый задний Center датчик отказ цепи
C1707	Левый задний Center датчик цепь неисправность
C1708	Правый задний Center датчик цепь КЗ на Vbat
C1709	Правый задний Center датчик отказ цепи
C1710	Правый задний Center датчик цепь неисправность
C1711	Левый передний датчик цепь КЗ на Vbat
C1712	Левый передний датчик отказ цепи
C1713	Левый передний датчик цепь неисправность
C1714	Правый передний датчик цепь КЗ на Vbat
C1715	Правый передний датчик отказ цепи
C1716	Правый передний датчик цепь неисправность
C1717	Левый передний Center датчик цепь КЗ на Vbat
C1718	Левый передний Center датчик отказ цепи
C1719	Левый передний Center датчик цепь неисправность
C1721	Пневмоподвеска датчик высоты кузова питание обрыв цепи
C1722	Пневмоподвеска датчик высоты кузова питание КЗ цепи на питание
C1723	Пневмоподвеска датчик высоты кузова питание КЗ цепи на массу
C1724	Пневмоподвеска датчик высоты кузова питание отказ цепи
C1725	Пневмоподвеска передний Pneumatic отказ
C1726	Пневмоподвеска задний Pneumatic отказ
C1727	Пневмоподвеска Reservoir Pneumatic отказ
C1728	Раздаточная коробка unable на transition between 2H и 4H
C1729	Раздаточная коробка unable на transition between 4H и 4L
C1730	Reference напряжение вне диапазона (+ 5 v)
C1731	Пневмоподвеска LF Corner вверх Timeout
C1732	Пневмоподвеска LF Corner вниз Timeout
C1733	Пневмоподвеска RF Corner вверх Timeout
C1734	Пневмоподвеска RF Corner вниз Timeout
C1735	Пневмоподвеска LR Corner вверх Timeout
C1736	Пневмоподвеска LR Corner вниз Timeout
C1737	Пневмоподвеска RR Corner вверх Timeout
C1738	Пневмоподвеска RR Corner вниз Timeout
C1739	Правый передний Center датчик цепь КЗ на Vbat
C1740	Правый передний Center датчик отказ цепи
C1741	Правый передний Center датчик цепь неисправность
C1742	Задний Sounder отказ цепи
C1743	Задний Sounder цепь КЗ на питание АКБ
C1744	Передний Sounder отказ цепи
C1745	Передний Sounder цепь КЗ на питание АКБ
C1748	Выключатель вход цепь КЗ на Gnd
C1749	Trailer вход отказ цепи
C1750	Accelerator датчик положения вне диапазона
C1751	Датчик скорости автомобиля # 1 выход цепь КЗ на питание АКБ
C1752	Датчик скорости автомобиля # 1 выход цепь КЗ на Gnd
C1753	Hydraulic сцепление привод клапан сигнал неисправность
C1754	Hydraulic сцепление привод клапан отказ цепи
C1755	Питание Limit Shutdown неисправность
C1756	Пневмоподвеска передний датчик высоты кузова высокий (SE) сигнал отказ цепи
C1757	Пневмоподвеска передний датчик высоты кузова высокий (SE) сигнал обрыв цепи
C1758	Пневмоподвеска передний датчик высоты кузова высокий (SE) сигнал КЗ цепи на питание
C1759	Пневмоподвеска передний датчик высоты кузова высокий (SE) сигнал КЗ цепи на массу
C1760	Пневмоподвеска задний датчик высоты кузова высокий (SE) сигнал отказ цепи
C1761	Пневмоподвеска задний датчик высоты кузова высокий (SE) сигнал обрыв цепи
C1762	Пневмоподвеска задний датчик высоты кузова высокий (SE) сигнал КЗ цепи на питание
C1763	Пневмоподвеска задний датчик высоты кузова высокий (SE) сигнал КЗ цепи на массу
C1765	Пневмоподвеска задний датчик высоты кузова низкий сигнал отказ цепи
C1766	Пневмоподвеска задний датчик высоты кузова низкий сигнал обрыв цепи
C1767	Пневмоподвеска задний датчик высоты кузова низкий сигнал КЗ цепи на питание
C1768	Пневмоподвеска задний датчик высоты кузова низкий сигнал КЗ цепи на массу
C1770	Пневмоподвеска обдув соленоид выход отказ цепи
C1771	Пневмоподвеска обдув соленоид выход обрыв цепи
C1772	Пневмоподвеска обдув соленоид выход КЗ цепи на питание
C1773	Пневмоподвеска обдув соленоид выход КЗ цепи на массу
C1774	ОЖ Temp вне диапазона
C1775	DC-DC Converter отказ
C1776	Подогреватель система отказ
C1777	Vacuum давление отказ цепи
C1778	Питание рулевое отказ
C1779	Blower выключатель отказ
C1780	Температура Select отказ
C1781	Температура ОЖ сигнал Missing/Fault
C1790	Пневмоподвеска LR воздух Spring/Shock соленоид выход отказ цепи
C1791	Пневмоподвеска LR воздух Spring/Shock соленоид выход обрыв цепи
C1792	Пневмоподвеска LR воздух Spring/Shock соленоид выход КЗ цепи на питание
C1793	Пневмоподвеска LR воздух Spring/Shock соленоид выход КЗ цепи на массу
C1795	Пневмоподвеска RR воздух Spring/Shock соленоид выход отказ цепи
C1796	Пневмоподвеска RR воздух Spring/Shock соленоид выход обрыв цепи
C1797	Пневмоподвеска RR воздух Spring/Shock соленоид выход КЗ цепи на питание
C1798	Пневмоподвеска RR воздух Spring/Shock соленоид выход КЗ цепи на массу
C1800	Пневмоподвеска Reservoir соленоид отказ цепи
C1805	Mismatched PCM and/or ABS-TC модуль
C1813	Пневмоподвеска LR обдув Request превышен Max Timing
C1814	Пневмоподвеска RR обдув Request превышен Max Timing
C1818	Пневмоподвеска LR воздух Compress Request превышен Max Timing
C1819	Пневмоподвеска RR воздух Compress Request превышен Max Timing
C1820	Пневмоподвеска RF воздух Compress Request превышен Max Timing
C1830	Пневмоподвеска Compressor реле отказ цепи
C1831	Пневмоподвеска Compressor реле обрыв цепи
C1832	Пневмоподвеска Compressor реле КЗ цепи на питание
C1833	Пневмоподвеска Compressor реле КЗ цепи на массу
C1834	Gauge Drive ток неисправность
C1835	Ток Sense отказ цепи
C1836	АКБ Temp вне диапазона
C1837	АКБ подогреватель отказ цепи
C1838	Charging система неисправность
C1839	Leakage неисправность
C1840	Пневмоподвеска Disable выключатель отказ цепи
C1841	Пневмоподвеска Disable выключатель обрыв цепи
C1842	Пневмоподвеска Disable выключатель КЗ цепи на питание
C1843	Пневмоподвеска Disable выключатель КЗ цепи на массу
C1844	Пневмоподвеска вторичный передний Inflator соленоид выход отказ цепи
C1845	Пневмоподвеска передний Inflator соленоид выход отказ цепи
C1846	Пневмоподвеска передний Inflator соленоид выход обрыв цепи
C1847	Пневмоподвеска передний Inflator соленоид выход КЗ цепи на питание
C1848	Пневмоподвеска передний Inflator соленоид выход КЗ цепи на массу
C1849	Master цилиндр давление вне диапазона
C1850	Пневмоподвеска Warning лампа отказ цепи
C1851	Пневмоподвеска Warning лампа обрыв цепи
C1852	Пневмоподвеска Warning лампа КЗ цепи на питание
C1853	Пневмоподвеска Warning лампа КЗ цепи на массу
C1854	Электродвигатель температура вне диапазона
C1855	Ускорение датчик положения Conflict
C1856	Traction электродвигатель Encoder отказ цепи
C1859	PRNDL вход # 2 отказ цепи
C1860	PRNDL вход # 3 отказ цепи
C1861	PRNDL вход # 4 отказ цепи
C1862	Contactor отказ цепи
C1863	External Charging неисправность
C1864	АКБ модуль неисправность
C1865	Пневмоподвеска задний Inflator соленоид выход отказ цепи
C1866	Пневмоподвеска задний Inflator соленоид выход обрыв цепи
C1867	Пневмоподвеска задний Inflator соленоид выход КЗ цепи на питание
C1868	Пневмоподвеска задний Inflator соленоид выход КЗ цепи на массу
C1869	Пневмоподвеска Gate соленоид выход отказ цепи
C1870	Пневмоподвеска Gate соленоид выход обрыв цепи
C1871	Пневмоподвеска Gate соленоид выход КЗ цепи на питание
C1872	Пневмоподвеска Gate соленоид выход КЗ цепи на массу
C1873	Пневмоподвеска RF воздух Spring соленоид выход отказ цепи
C1874	Пневмоподвеска RF воздух Spring соленоид выход обрыв цепи
C1875	Пневмоподвеска RF воздух Spring соленоид выход КЗ цепи на питание
C1876	Пневмоподвеска RF воздух Spring соленоид выход КЗ цепи на массу
C1877	Пневмоподвеска LF воздух Spring соленоид выход отказ цепи
C1878	Пневмоподвеска LF воздух Spring соленоид выход обрыв цепи
C1879	Пневмоподвеска LF воздух Spring соленоид выход КЗ цепи на питание
C1880	Пневмоподвеска LF воздух Spring соленоид выход КЗ цепи на массу
C1881	Пневмоподвеска RF датчик высоты кузова отказ цепи
C1882	Пневмоподвеска RF датчик высоты кузова обрыв цепи
C1883	Пневмоподвеска RF датчик высоты кузова КЗ цепи на питание
C1884	Пневмоподвеска RF датчик высоты кузова КЗ цепи на массу
C1885	Пневмоподвеска RR датчик высоты кузова отказ цепи
C1886	Пневмоподвеска RR датчик высоты кузова обрыв цепи
C1887	Пневмоподвеска RR датчик высоты кузова КЗ цепи на питание
C1888	Пневмоподвеска RR датчик высоты кузова КЗ цепи на массу
C1889	Пневмоподвеска LF датчик высоты кузова отказ цепи
C1890	Пневмоподвеска LF датчик высоты кузова обрыв цепи
C1891	Пневмоподвеска LF датчик высоты кузова КЗ цепи на питание
C1892	Пневмоподвеска LF датчик высоты кузова КЗ цепи на массу
C1893	Пневмоподвеска LR датчик высоты кузова отказ цепи
C1894	Пневмоподвеска LR датчик высоты кузова обрыв цепи
C1895	Пневмоподвеска LR датчик высоты кузова КЗ цепи на питание
C1896	Пневмоподвеска LR датчик высоты кузова КЗ цепи на массу
C1897	Рулевое VAPS II цепь Loop отказ
C1898	Рулевое VAPS II цепь Loop обрыв
C1899	Рулевое VAPS II цепь Loop КЗ на питание
C1900	Рулевое VAPS II цепь Loop КЗ на массу
C1901	Ride управление RR Shock привод отказ цепи
C1902	Ride управление RR Shock привод обрыв цепи
C1903	Ride управление RR Shock привод КЗ цепи на питание
C1904	Ride управление RR Shock привод КЗ цепи на массу
C1905	Ride управление LR Shock привод отказ цепи
C1906	Ride управление LR Shock привод обрыв цепи
C1907	Ride управление LR Shock привод КЗ цепи на питание
C1908	Ride управление LR Shock привод КЗ цепи на массу
C1909	Ride управление RF Shock привод отказ цепи
C1910	Ride управление RF Shock привод обрыв цепи
C1911	Ride управление RF Shock привод КЗ цепи на питание
C1912	Ride управление RF Shock привод КЗ цепи на массу
C1913	Ride управление LF Shock привод отказ цепи
C1914	Ride управление LF Shock привод обрыв цепи
C1915	Ride управление LF Shock привод КЗ цепи на питание
C1916	Ride управление LF Shock привод КЗ цепи на массу
C1917	Рулевое EVO Out-of-Range неисправность
C1918	Пневмоподвеска Ride высота Select выключатель отказ цепи
C1920	Led # 1 отказ цепи
C1921	VAPS соленоид привод выход отказ цепи
C1922	VAPS соленоид привод выход обрыв цепи
C1923	VAPS соленоид привод выход КЗ цепи на питание
C1924	VAPS соленоид привод выход КЗ цепи на массу
C1925	VAPS соленоид привод Return отказ цепи
C1926	VAPS соленоид привод Return обрыв цепи
C1927	VAPS соленоид привод Return КЗ цепи на питание
C1928	VAPS соленоид привод Return КЗ цепи на массу
C1929	Пневмоподвеска передний Compressor реле отказ цепи
C1930	Пневмоподвеска передний Compressor реле обрыв цепи
C1931	Пневмоподвеска передний Compressor реле КЗ цепи на питание
C1932	Пневмоподвеска передний Compressor реле КЗ цепи на массу
C1933	Соленоид ток вне диапазона
C1934	HPU (Hydraulic насос блок) Pressurisation отказ
C1935	Chime отказ цепи
C1936	Hydraulic насос реле отказ цепи
C1937	Рулевое колесо Angle датчик Offset отказ
C1938	Неверный рулевое колесо Angle датчик ID
C1939	Тормоз давление выключатель вход отказ цепи
C1940	Тормоз давление выключатель Mechanical отказ
C1942	Unrecognized Powertrain конфигурация
C1943	Airbag Deployment Indication вход неисправность
C1944	Gauge водителя цепь неисправность
C1945	Park выключатель Indicates Park с Vehicle Moving
C1946	Сиденье Track положение выключатель обрыв цепи
C1947	Сиденье Track положение выключатель КЗ цепи на массу
C1948	Сиденье Track положение выключатель цепь сопротивление вне диапазона
C1949	Accelerometer датчик обрыв цепи
C1950	Accelerometer датчик отказ цепи
C1951	Lateral Accelerometer датчик обрыв цепи
C1952	Yaw Rate датчик обрыв цепи
C1953	Master цилиндр датчик давления обрыв цепи
C1954	Master цилиндр датчик давления отказ цепи
C1955	Рулевое Angle датчик обрыв цепи
C1956	Рулевое Angle датчик отказ цепи
C1957	Dynamic Stability управление клапан RF отказ цепи
C1958	Dynamic Stability управление клапан LF отказ цепи
C1959	Lateral Accelerometer датчик отказ цепи
C1960	Водителя тормоз Apply цепь неисправность
C1961	Park лампа обмотка реле отказ цепи
C1962	Park лампа обмотка реле КЗ на питание
C1963	Stability управление Inhibit Warning
C2767	Reserved - TBD
P0100	Массовый/объёмный расход воздуха (MAF) неисправность цепи
P0101	Массовый/объёмный расход воздуха (MAF) цепь вне диапазона/производительности
P0102	Массовый/объёмный расход воздуха (MAF) низкий уровень сигнала цепи
P0103	Массовый/объёмный расход воздуха (MAF) высокий уровень сигнала цепи
P0104	Массовый/объёмный расход воздуха (MAF) цепь с перебоями
P0105	ДАД/барометрическое давление неисправность цепи
P0106	ДАД/барометрическое давление цепь вне диапазона/производительности
P0107	ДАД/барометрическое давление низкий уровень сигнала цепи
P0108	ДАД/барометрическое давление высокий уровень сигнала цепи
P0109	ДАД/барометрическое давление цепь с перебоями
P0110	IAT неисправность цепи
P0111	Температура впускного воздуха цепь вне диапазона/производительности
P0112	Температура впускного воздуха низкий уровень сигнала цепи
P0113	Температура впускного воздуха высокий уровень сигнала цепи
P0114	Температура впускного воздуха цепь с перебоями
P0115	Температура ОЖ неисправность цепи
P0116	Температура ОЖ цепь вне диапазона/производительности
P0117	Температура ОЖ низкий уровень сигнала цепи
P0118	Температура ОЖ высокий уровень сигнала цепи
P0119	Температура ОЖ цепь с перебоями
P0120	Дроссель положение Sensor/Switch A неисправность цепи
P0121	Дроссель положение Sensor/Switch A цепь вне диапазона/производительности
P0122	Дроссель положение Sensor/Switch A низкий уровень сигнала цепи
P0123	Дроссель положение Sensor/Switch A высокий уровень сигнала цепи
P0124	Дроссель положение Sensor/Switch A цепь с перебоями
P0125	Недостаточно ОЖ температура для Closed Loop топливо управление;
P0126	ECT чрезмерный Time на Closed Loop топливо управление
P0128	Недостаточно ОЖ температура для Stable Operation
P0130	ОЖ Thermostat неисправность
P0131	Датчик O2 неисправность цепи (банк 1, датчик 1)
P0132	Датчик O2 цепь низкое напряжение (банк 1, датчик 1)
P0133	Датчик O2 цепь высокое напряжение (банк 1, датчик 1)
P0134	Датчик O2 цепь медленный отклик (банк 1, датчик 1)
P0135	Датчик O2 цепь активность не обнаружена (банк 1, датчик 1)
P0136	Подогреватель датчика O2 неисправность цепи (банк 1, датчик 1)
P0137	Датчик O2 неисправность цепи (банк 1, датчик 2)
P0138	Датчик O2 цепь низкое напряжение (банк 1, датчик 2)
P0139	Датчик O2 цепь высокое напряжение (банк 1, датчик 2)
P0140	Датчик O2 цепь медленный отклик (банк 1, датчик 2)
P0141	Датчик O2 цепь активность не обнаружена (банк 1, датчик 2)
P0142	Подогреватель датчика O2 неисправность цепи (банк 1, датчик 2)
P0143	Датчик O2 неисправность цепи (банк 1 датчик 3)
P0144	Датчик O2 цепь низкое напряжение (банк 1 датчик 3)
P0145	Датчик O2 цепь высокое напряжение (банк 1 датчик 3)
P0146	Датчик O2 цепь медленный отклик (банк 1 датчик 3)
P0147	Датчик O2 цепь активность не обнаружена (банк 1 датчик 3)
P0150	Подогреватель датчика O2 неисправность цепи (банк 1 датчик 3)
P0151	Датчик O2 неисправность цепи (банк 2, датчик 1)
P0152	Датчик O2 цепь низкое напряжение (банк 2, датчик 1)
P0153	Датчик O2 цепь высокое напряжение (банк 2, датчик 1)
P0154	Датчик O2 цепь медленный отклик (банк 2, датчик 1)
P0155	Датчик O2 цепь активность не обнаружена (банк 2, датчик 1)
P0156	Подогреватель датчика O2 неисправность цепи (банк 2, датчик 1)
P0157	Датчик O2 неисправность цепи (банк 2, датчик 2)
P0158	Датчик O2 цепь низкое напряжение (банк 2, датчик 2)
P0159	Датчик O2 цепь высокое напряжение (банк 2, датчик 2)
P0160	Датчик O2 цепь медленный отклик (банк 2, датчик 2)
P0161	Датчик O2 цепь активность не обнаружена (банк 2, датчик 2)
P0162	Подогреватель датчика O2 неисправность цепи (банк 2, датчик 2)
P0163	Датчик O2 неисправность цепи (банк 2 датчик 3)
P0164	Датчик O2 цепь низкое напряжение (банк 2 датчик 3)
P0165	Датчик O2 цепь высокое напряжение (банк 2 датчик 3)
P0166	Датчик O2 цепь медленный отклик (банк 2 датчик 3)
P0167	Датчик O2 цепь активность не обнаружена (банк 2 датчик 3)
P0170	Подогреватель датчика O2 неисправность цепи (банк 2 датчик 3)
P0171	Коррекция топлива неисправность (банк 1)
P0172	Коррекция топлива бедная смесь (банк 1)
P0173	Коррекция топлива слишком богатая смесь (банк 1)
P0174	Коррекция топлива неисправность (банк 2)
P0175	Коррекция топлива слишком бедная смесь (банк 2)
P0176	Коррекция топлива слишком богатая смесь (банк 2)
P0177	Топливо Composition датчик неисправность цепи
P0178	Топливо Composition датчик цепь: диапазон/производительность
P0179	Топливо Composition датчик низкий уровень сигнала цепи
P0180	Топливо Composition датчик высокий уровень сигнала цепи
P0181	Топливо датчик температуры A неисправность цепи
P0182	Топливо датчик температуры A цепь: диапазон/производительность
P0183	Топливо датчик температуры A низкий уровень сигнала цепи
P0184	Топливо датчик температуры A высокий уровень сигнала цепи
P0185	Топливо датчик температуры A цепь с перебоями
P0186	Топливо датчик температуры B неисправность цепи
P0187	Топливо датчик температуры B цепь: диапазон/производительность
P0188	Топливо датчик температуры B низкий уровень сигнала цепи
P0189	Топливо датчик температуры B высокий уровень сигнала цепи
P0190	Топливо датчик температуры B цепь с перебоями
P0191	Давление в топливной рампе датчик неисправность цепи
P0192	Давление в топливной рампе датчик цепь: диапазон/производительность
P0193	Давление в топливной рампе датчик низкий уровень сигнала цепи
P0194	Давление в топливной рампе датчик высокий уровень сигнала цепи
P0195	Давление в топливной рампе датчик цепь с перебоями
P0196	Температура масла ДВС датчик неисправность
P0197	Температура масла ДВС датчик диапазон/производительность
P0198	Температура масла ДВС датчик низкий
P0199	Температура масла ДВС датчик высокий
P0200	Температура масла ДВС датчик с перебоями
P0201	Форсунка неисправность цепи
P0202	Форсунка неисправность цепи - цилиндр 1
P0203	Форсунка неисправность цепи - цилиндр 2
P0204	Форсунка неисправность цепи - цилиндр 3
P0205	Форсунка неисправность цепи - цилиндр 4
P0206	Форсунка неисправность цепи - цилиндр 5
P0207	Форсунка неисправность цепи - цилиндр 6
P0208	Форсунка неисправность цепи - цилиндр 7
P0209	Форсунка неисправность цепи - цилиндр 8
P0210	Форсунка неисправность цепи - цилиндр 9
P0211	Форсунка неисправность цепи - цилиндр 10
P0212	Форсунка неисправность цепи - цилиндр 11
P0213	Форсунка неисправность цепи - цилиндр 12
P0214	Cold Start форсунка 1 неисправность
P0215	Cold Start форсунка 2 неисправность
P0216	Двигатель Shutoff соленоид неисправность
P0217	Впрыск Timing управление неисправность цепи
P0218	Двигатель Overtemp Condition
P0219	Трансмиссия Over температура Condition
P0220	Двигатель Overspeed Condition
P0221	Throttle/Petal положение Sensor/Switch B неисправность цепи
P0222	Throttle/Petal положение Sensor/Switch B цепь вне диапазона/производительности
P0223	Throttle/Petal положение Sensor/Switch B низкий уровень сигнала цепи
P0224	Throttle/Petal положение Sensor/Switch B высокий уровень сигнала цепи
P0225	Throttle/Petal положение Sensor/Switch B цепь с перебоями
P0226	Throttle/Petal положение Sensor/Switch C неисправность цепи
P0227	Throttle/Petal положение Sensor/Switch C цепь вне диапазона/производительности
P0228	Throttle/Petal положение Sensor/Switch C низкий уровень сигнала цепи
P0229	Throttle/Petal положение Sensor/Switch C высокий уровень сигнала цепи
P0230	Throttle/Petal положение Sensor/Switch C цепь с перебоями
P0231	Топливный насос основной неисправность цепи
P0232	Топливный насос вторичный цепь низкий
P0233	Топливный насос вторичный цепь высокий
P0234	Топливный насос вторичный цепь с перебоями
P0235	Двигатель Overboost Condition
P0236	Турбокомпрессор наддув датчик A неисправность цепи
P0237	Турбокомпрессор наддув датчик A цепь: диапазон/производительность
P0238	Турбокомпрессор наддув датчик A цепь низкий
P0239	Турбокомпрессор наддув датчик A цепь высокий
P0240	Турбокомпрессор наддув датчик B неисправность
P0241	Турбокомпрессор наддув датчик B цепь: диапазон/производительность
P0242	Турбокомпрессор наддув датчик B цепь низкий
P0243	Турбокомпрессор наддув датчик B цепь высокий
P0244	Турбокомпрессор wastegate соленоид A неисправность
P0245	Турбокомпрессор wastegate соленоид A диапазон/производительность
P0246	Турбокомпрессор wastegate соленоид A низкий
P0247	Турбокомпрессор wastegate соленоид A высокий
P0248	Турбокомпрессор wastegate соленоид B неисправность
P0249	Турбокомпрессор wastegate соленоид B диапазон/производительность
P0250	Турбокомпрессор wastegate соленоид B низкий
P0251	Турбокомпрессор wastegate соленоид B высокий
P0252	Впрыск насос топливо Metering управление " A " неисправность (Cam/Rotor/Injector)
P0253	Впрыск насос топливо Metering управление " A " диапазон/производительность (Cam/Rotor/Injector)
P0254	Впрыск насос топливо Metering управление " A " низкий (Cam/Rotor/Injector)
P0255	Впрыск насос топливо Metering управление " A " высокий (Cam/Rotor/Injector)
P0256	Впрыск насос топливо Metering управление " A " с перебоями (Cam/Rotor/Injector)
P0257	Впрыск насос топливо Metering управление " B " неисправность (Cam/Rotor/Injector)
P0258	Впрыск насос топливо Metering управление " B " диапазон/производительность (Cam/Rotor/Injector)
P0259	Впрыск насос топливо Metering управление " B " низкий (Cam/Rotor/Injector)
P0260	Впрыск насос топливо Metering управление " B " высокий (Cam/Rotor/Injector)
P0261	Впрыск насос топливо Metering управление " B " с перебоями (Cam/Rotor/Injector)
P0262	Цилиндр 1 форсунка цепь низкий
P0263	Цилиндр 1 форсунка цепь высокий
P0264	Цилиндр 1 Contribution/Balance неисправность
P0265	Цилиндр 2 форсунка цепь низкий
P0266	Цилиндр 2 форсунка цепь высокий
P0267	Цилиндр 2 Contribution/Balance неисправность
P0268	Цилиндр 3 форсунка цепь низкий
P0269	Цилиндр 3 форсунка цепь высокий
P0270	Цилиндр 3 Contribution/Balance неисправность
P0271	Цилиндр 4 форсунка цепь низкий
P0272	Цилиндр 4 форсунка цепь высокий
P0273	Цилиндр 4 Contribution/Balance неисправность
P0274	Цилиндр 5 форсунка цепь низкий
P0275	Цилиндр 5 форсунка цепь высокий
P0276	Цилиндр 5 Contribution/Balance неисправность
P0277	Цилиндр 6 форсунка цепь низкий
P0278	Цилиндр 6 форсунка цепь высокий
P0279	Цилиндр 6 Contribution/Balance неисправность
P0280	Цилиндр 7 форсунка цепь низкий
P0281	Цилиндр 7 форсунка цепь высокий
P0282	Цилиндр 7 Contribution/Balance неисправность
P0283	Цилиндр 8 форсунка цепь низкий
P0284	Цилиндр 8 форсунка цепь высокий
P0285	Цилиндр 8 Contribution/Balance неисправность
P0286	Цилиндр 9 форсунка цепь низкий
P0287	Цилиндр 9 форсунка цепь высокий
P0288	Цилиндр 9 Contribution/Balance неисправность
P0289	Цилиндр 10 форсунка цепь низкий
P0290	Цилиндр 10 форсунка цепь высокий
P0291	Цилиндр 10 Contribution/Balance неисправность
P0292	Цилиндр 11 форсунка цепь низкий
P0293	Цилиндр 11 форсунка цепь высокий
P0294	Цилиндр 11 Contribution/Balance неисправность
P0295	Цилиндр 12 форсунка цепь низкий
P0296	Цилиндр 12 форсунка цепь высокий
P0300	Цилиндр 12 вклад/диапазон неисправность
P0301	Обнаружены случайные/множественные пропуски зажигания
P0302	Цилиндр 1 обнаружен пропуск зажигания
P0303	Цилиндр 2 обнаружен пропуск зажигания
P0304	Цилиндр 3 обнаружен пропуск зажигания
P0305	Цилиндр 4 обнаружен пропуск зажигания
P0306	Цилиндр 5 обнаружен пропуск зажигания
P0307	Цилиндр 6 обнаружен пропуск зажигания
P0308	Цилиндр 7 обнаружен пропуск зажигания
P0309	Цилиндр 8 обнаружен пропуск зажигания
P0310	Цилиндр 9 обнаружен пропуск зажигания
P0311	Цилиндр 10 обнаружен пропуск зажигания
P0312	Цилиндр 11 обнаружен пропуск зажигания
P0320	Цилиндр 12 обнаружен пропуск зажигания
P0321	Ignition/Distributor двигатель скорость вход неисправность цепи
P0322	Ignition/Distributor двигатель скорость вход цепь: диапазон/производительность
P0323	Ignition/Distributor двигатель скорость вход цепь нет сигнал
P0325	Ignition/Distributor двигатель скорость вход цепь с перебоями
P0326	Датчик детонации 1 неисправность цепи (банк 1 или один датчик)
P0327	Датчик детонации 1 цепь: диапазон/производительность (банк 1 или один датчик)
P0328	Датчик детонации 1 низкий уровень сигнала цепи (банк 1 или один датчик)
P0329	Датчик детонации 1 высокий уровень сигнала цепи (банк 1 или один датчик)
P0330	Датчик детонации 1 цепь с перебоями (банк 1 или один датчик)
P0331	Датчик детонации 2 неисправность цепи (банк 2)
P0332	Датчик детонации 2 цепь: диапазон/производительность (банк 2)
P0333	Датчик детонации 2 низкий уровень сигнала цепи (банк 2)
P0334	Датчик детонации 2 высокий уровень сигнала цепи (банк 2)
P0335	Датчик детонации 2 цепь с перебоями (банк 2)
P0336	Датчик положения коленвала A неисправность цепи
P0337	Датчик положения коленвала A цепь: диапазон/производительность
P0338	Датчик положения коленвала A низкий уровень сигнала цепи
P0339	Датчик положения коленвала A высокий уровень сигнала цепи
P0340	Датчик положения коленвала A цепь с перебоями
P0341	Датчик положения распредвала неисправность цепи
P0342	Датчик положения распредвала цепь: диапазон/производительность
P0343	Датчик положения распредвала низкий уровень сигнала цепи
P0344	Датчик положения распредвала высокий уровень сигнала цепи
P0350	Датчик положения распредвала цепь с перебоями
P0351	Катушка зажигания Primary/Secondary неисправность цепи
P0352	Катушка зажигания A Primary/Secondary неисправность цепи
P0353	Катушка зажигания B Primary/Secondary неисправность цепи
P0354	Катушка зажигания C Primary/Secondary неисправность цепи
P0355	Катушка зажигания D Primary/Secondary неисправность цепи
P0356	Катушка зажигания E Primary/Secondary неисправность цепи
P0357	Катушка зажигания F Primary/Secondary неисправность цепи
P0358	Катушка зажигания G Primary/Secondary неисправность цепи
P0359	Катушка зажигания H Primary/Secondary неисправность цепи
P0360	Катушка зажигания I Primary/Secondary неисправность цепи
P0361	Катушка зажигания J Primary/Secondary неисправность цепи
P0362	Катушка зажигания K Primary/Secondary неисправность цепи
P0370	Катушка зажигания L Primary/Secondary неисправность цепи
P0371	Timing Reference высокий Resolution сигнал A неисправность
P0372	Timing Reference высокий Resolution сигнал A слишком Many Pulses
P0373	Timing Reference высокий Resolution сигнал A слишком Few Pulses
P0374	Timing Reference высокий Resolution сигнал A Intermittent/Erratic Pulses
P0375	Timing Reference высокий Resolution сигнал A нет Pulses
P0376	Timing Reference высокий Resolution сигнал B неисправность
P0377	Timing Reference высокий Resolution сигнал B слишком Many Pulses
P0378	Timing Reference высокий Resolution сигнал B слишком Few Pulses
P0379	Timing Reference высокий Resolution сигнал B Intermittent/Erratic Pulses
P0380	Timing Reference высокий Resolution сигнал B нет Pulses
P0381	Glow Plug/Heater цепь " A " неисправность
P0382	Glow Plug/Heater индикатор неисправность цепи
P0385	Система EGR Flow неисправность
P0386	Датчик положения коленвала B неисправность цепи
P0387	Датчик положения коленвала B цепь: диапазон/производительность
P0388	Датчик положения коленвала B низкий уровень сигнала цепи
P0389	Датчик положения коленвала B высокий уровень сигнала цепи
P0400	Датчик положения коленвала B цепь с перебоями
P0401	Система EGR Flow неисправность
P0402	Система EGR Flow недостаточно обнаружено
P0403	Система EGR Flow чрезмерный обнаружено
P0404	Система EGR неисправность цепи
P0405	Система EGR цепь: диапазон/производительность
P0406	Система EGR датчик A цепь низкий
P0407	Система EGR датчик A цепь высокий
P0408	Система EGR датчик B цепь низкий
P0410	Система EGR датчик B цепь высокий
P0411	Система вторичного воздуха система неисправность
P0412	Система вторичного воздуха система некорректный Flow обнаружено
P0413	Система вторичного воздуха система Switching клапан A неисправность цепи
P0414	Система вторичного воздуха система Switching клапан A обрыв цепи
P0415	Система вторичного воздуха система Switching клапан A цепь Shorted
P0416	Система вторичного воздуха система Switching клапан B неисправность цепи
P0417	Система вторичного воздуха система Switching клапан B обрыв цепи
P0418	Система вторичного воздуха система Switching клапан B цепь Shorted
P0419	Система вторичного воздуха система реле " A " неисправность цепи
P0420	Система вторичного воздуха система реле " B " неисправность цепи
P0421	Эффективность катализатора ниже порога (банк 1)
P0422	Warm вверх катализатор эффективность ниже порог (банк 1)
P0423	Main катализатор эффективность ниже порог (банк 1)
P0424	Heated катализатор эффективность ниже порог (банк 1)
P0426	Heated катализатор температура ниже порог (банк 1)
P0427	Катализатор датчик температуры диапазон/производительность (банк 1)
P0428	Катализатор датчик температуры низкий входной сигнал (банк 1)
P0430	Катализатор датчик температуры высокий входной сигнал (банк 1)
P0431	Эффективность катализатора ниже порога (банк 2)
P0432	Warm вверх катализатор эффективность ниже порог (банк 2)
P0433	Main катализатор эффективность ниже порог (банк 2)
P0434	Heated катализатор эффективность ниже порог (банк 2)
P0436	Heated катализатор температура ниже порог (банк 2)
P0437	Катализатор датчик температуры диапазон/производительность (банк 2)
P0438	Катализатор датчик температуры низкий входной сигнал (банк 2)
P0440	Катализатор датчик температуры высокий входной сигнал (банк 2)
P0441	Система EVAP неисправность
P0442	Система EVAP некорректный Purge Flow
P0443	Система EVAP Leak обнаружено (small leak)
P0444	Система EVAP Purge управление клапан неисправность цепи
P0445	Система EVAP Purge управление клапан обрыв цепи
P0446	Система EVAP Purge управление клапан цепь Shorted
P0447	Система EVAP обдув управление неисправность цепи
P0448	Система EVAP обдув управление обрыв цепи
P0449	Система EVAP обдув управление цепь Shorted
P0450	Система EVAP обдув Valve/Solenoid неисправность цепи
P0451	Система EVAP датчик давления неисправность
P0452	Система EVAP датчик давления диапазон/производительность
P0453	Система EVAP датчик давления низкий входной сигнал
P0454	Система EVAP датчик давления высокий входной сигнал
P0455	Система EVAP датчик давления с перебоями
P0460	Система EVAP Leak обнаружено (gross leak)
P0461	Датчик уровня топлива неисправность цепи
P0462	Датчик уровня топлива цепь: диапазон/производительность
P0463	Датчик уровня топлива низкий уровень сигнала цепи
P0464	Датчик уровня топлива высокий уровень сигнала цепи
P0465	Датчик уровня топлива цепь с перебоями
P0466	Purge датчик расхода неисправность цепи
P0467	Purge датчик расхода цепь: диапазон/производительность
P0468	Purge датчик расхода низкий уровень сигнала цепи
P0469	Purge датчик расхода высокий уровень сигнала цепи
P0470	Purge датчик расхода цепь с перебоями
P0471	Выпуск датчик давления неисправность
P0472	Выпуск датчик давления диапазон/производительность
P0473	Выпуск датчик давления низкий
P0474	Выпуск датчик давления высокий
P0475	Выпуск датчик давления с перебоями
P0476	Выпуск давление управление клапан неисправность
P0477	Выпуск давление управление клапан диапазон/производительность
P0478	Выпуск давление управление клапан низкий
P0479	Выпуск давление управление клапан высокий
P0480	Выпуск давление управление клапан с перебоями
P0481	Вентилятор охлаждения 1 управление неисправность цепи
P0482	Вентилятор охлаждения 2 управление неисправность цепи
P0483	Вентилятор охлаждения 3 управление неисправность цепи
P0484	Вентилятор охлаждения Rationality Check неисправность
P0485	Вентилятор охлаждения цепь Over ток
P0500	Питание/масса вентилятора охлаждения неисправность цепи
P0501	Датчик скорости автомобиля неисправность
P0502	Датчик скорости автомобиля диапазон/производительность
P0503	Датчик скорости автомобиля низкий входной сигнал
P0505	Датчик скорости автомобиля Intermittent/Erratic/High
P0506	Idle управление система неисправность
P0507	Idle управление система RPM Lower Than Expected
P0510	Idle управление система RPM Higher Than Expected
P0520	Closed дроссель положение выключатель неисправность
P0521	Давление масла ДВС Sensor/Switch неисправность цепи
P0522	Давление масла ДВС Sensor/Switch цепь: диапазон/производительность
P0523	Давление масла ДВС Sensor/Switch цепь низкое напряжение
P0530	Давление масла ДВС Sensor/Switch цепь высокое напряжение
P0531	Давление хладагента А/С датчик неисправность цепи
P0532	Давление хладагента А/С датчик цепь: диапазон/производительность
P0533	Давление хладагента А/С датчик низкий уровень сигнала цепи
P0534	Давление хладагента А/С датчик высокий уровень сигнала цепи
P0550	Воздух Conditioner Refrigerant Charge Loss
P0551	Давление ГУР датчик неисправность цепи
P0552	Давление ГУР датчик цепь: диапазон/производительность
P0553	Давление ГУР датчик низкий уровень сигнала цепи
P0554	Давление ГУР датчик высокий уровень сигнала цепи
P0560	Давление ГУР датчик цепь с перебоями
P0561	Система напряжение неисправность
P0562	Система напряжение Unstable
P0563	А/С датчик давления низкое напряжение (Chrysler)
P0565	Система напряжение высокий
P0566	Cruise управление на сигнал неисправность
P0567	Cruise управление Off сигнал неисправность
P0568	Cruise управление Resume сигнал неисправность
P0569	Cruise управление Set сигнал неисправность
P0570	Cruise управление Coast сигнал неисправность
P0571	Cruise управление Accel сигнал неисправность
P0572	Cruise Control/Brake выключатель A неисправность цепи
P0573	Cruise Control/Brake выключатель A цепь низкий
P0574	Cruise Control/Brake выключатель A цепь высокий
P0575	Cruise управление Related неисправность
P0576	Cruise управление Related неисправность
P0578	Cruise управление Related неисправность
P0579	Cruise управление Related неисправность
P0580	Cruise управление Related неисправность
P0600	Cruise управление Related неисправность
P0601	Serial связь Link неисправность
P0602	Модуль управления Read Only Memory (ROM)
P0603	Модуль управления Programming Error
P0604	Внутренний модуль управления память KAM (KAM) Error
P0605	Внутренний модуль управления случайный Access Memory (RAM) Error
P0606	Внутренний модуль управления Read Only Memory (ROM) Error
P0608	PCM Processor неисправность
P0609	Модуль управления VSS выход " A " неисправность
P0620	Модуль управления VSS выход " B " неисправность
P0621	Generator управление неисправность цепи
P0622	Generator лампа " L " управление неисправность цепи
P0650	Generator Field " F " управление неисправность цепи
P0654	Неисправность индикатор лампа (MIL) управление неисправность цепи
P0655	Двигатель RPM выход неисправность цепи
P0656	Двигатель Hot лампа выход управление цепь Malfucntion
P0700	Выход датчика уровня топлива неисправность цепи
P0701	Неисправность системы управления АКПП
P0702	Система управления АКПП диапазон/производительность
P0703	Система управления АКПП Electrical
P0704	Torque Converter/Brake выключатель B неисправность цепи
P0705	Сцепление выключатель вход неисправность цепи
P0706	Трансмиссия диапазон датчик неисправность цепи (PRNDL вход)
P0707	Трансмиссия диапазон датчик цепь: диапазон/производительность
P0708	Трансмиссия диапазон датчик низкий уровень сигнала цепи
P0709	Трансмиссия диапазон датчик высокий уровень сигнала цепи
P0710	Трансмиссия диапазон датчик цепь с перебоями
P0711	Температура ATF датчик неисправность цепи
P0712	Температура ATF датчик цепь: диапазон/производительность
P0713	Температура ATF датчик низкий уровень сигнала цепи
P0714	Температура ATF датчик высокий уровень сигнала цепи
P0715	Температура ATF датчик цепь с перебоями
P0716	Датчик скорости входного вала/турбины неисправность цепи
P0717	Датчик скорости входного вала/турбины цепь: диапазон/производительность
P0718	Датчик скорости входного вала/турбины цепь нет сигнал
P0719	Датчик скорости входного вала/турбины цепь с перебоями
P0720	Torque Converter/Brake выключатель B цепь низкий
P0721	Датчик выходной скорости неисправность цепи
P0722	Датчик выходной скорости диапазон/производительность
P0723	Датчик выходной скорости нет сигнал
P0724	Датчик выходной скорости с перебоями
P0725	Torque Converter/Brake выключатель B цепь высокий
P0726	Двигатель скорость вход неисправность цепи
P0727	Двигатель скорость вход цепь: диапазон/производительность
P0728	Двигатель скорость вход цепь нет сигнал
P0730	Двигатель скорость вход цепь с перебоями
P0731	Некорректный Gear Ratio
P0732	Gear 1 некорректный ratio
P0733	Gear 2 некорректный ratio
P0734	Gear 3 некорректный ratio
P0735	Gear 4 некорректный ratio
P0736	Gear 5 некорректный ratio
P0740	Reverse некорректный gear ratio
P0741	Блокировка гидротрансформатора цепь Malfuction
P0742	Блокировка гидротрансформатора цепь производительность или Stuck Off
P0743	Блокировка гидротрансформатора цепь Stuck на
P0744	Блокировка гидротрансформатора цепь Electrical
P0745	Блокировка гидротрансформатора цепь с перебоями
P0746	Давление управление соленоид неисправность
P0747	Давление управление соленоид производительность или Stuck Off
P0748	Давление управление соленоид Stuck на
P0749	Давление управление соленоид Electrical
P0750	Давление управление соленоид с перебоями
P0751	Соленоид переключения A неисправность
P0752	Соленоид переключения A производительность или Stuck Off/
P0753	1-2 соленоид переключения клапан производительность
P0754	Соленоид переключения A Stuck на
P0755	Соленоид переключения A Electrical/
P0756	1-2 соленоид переключения цепь Electrical
P0757	Соленоид переключения A с перебоями
P0758	Соленоид переключения B неисправность
P0759	Соленоид переключения B производительность или Stuck Off/
P0760	2-3 соленоид переключения клапан производительность
P0761	Соленоид переключения B Stuck на
P0762	Соленоид переключения B Electrical/ 2-3 соленоид переключения цепь Electrical
P0763	Соленоид переключения B с перебоями
P0764	Соленоид переключения C неисправность
P0765	Соленоид переключения C производительность или Stuck Off
P0766	Соленоид переключения C Stuck на
P0767	Соленоид переключения C Electrical
P0768	Соленоид переключения C с перебоями
P0769	Соленоид переключения D неисправность
P0770	Соленоид переключения D производительность или Stuck Off
P0771	Соленоид переключения D Stuck на
P0772	Соленоид переключения D Electrical
P0773	Соленоид переключения D с перебоями
P0774	Соленоид переключения E неисправность
P0775	Соленоид переключения E производительность или Stuck Off
P0776	Соленоид переключения E Stuck на
P0777	Соленоид переключения E Electrical
P0778	Соленоид переключения E с перебоями
P0779	Давление управление соленоид B неисправность
P0780	Давление управление соленоид B производительность
P0781	Давление управление соленоид B Stuck на
P0782	Давление управление соленоид B Electrical
P0783	Давление управление соленоид B с перебоями
P0784	Shift неисправность
P0785	1-2 Shift неисправность
P0786	2-3 Shift неисправность
P0787	3-4 Shift неисправность
P0788	4-5 Shift неисправность
P0789	Shift/Timing соленоид неисправность/ 3-2 соленоид переключения цепь Electrical
P0790	Shift/Timing соленоид диапазон/производительность
P0801	Shift/Timing соленоид низкий
P0803	Shift/Timing соленоид высокий
P0804	Shift/Timing соленоид с перебоями
P1100	Normal/Performance выключатель неисправность цепи
P1101	Reverse Inhibit управление неисправность цепи
P1102	1-4 Upshift (Skip Shift) соленоид управление неисправность цепи
P1103	1-4 Upshift (Skip Shift) лампа управление неисправность цепи
P1104	MAF датчик с перебоями/ Check all OBDII Systems Not Complete
P1105	MAF датчик Out Self Test диапазон./
P1106	KOER Not Able на Complete KOER Aborted
P1107	MAF датчик в диапазон But Lower Than Expected
P1108	MAF датчик в диапазон But Higher Than Expected
P1109	MAF масса неисправность
P1110	Dual Alternator Upper неисправность
P1111	Dual Alternator Lower неисправность/ абсолютное давление во впускном коллекторе (MAP) (MAP) датчик цепь с перебоями высокое напряжение
P1112	Dual Alternator Lower неисправность цепи/ абсолютное давление во впускном коллекторе (MAP) (MAP) датчик цепь с перебоями низкое напряжение
P1113	Dual Alternator АКБ лампа неисправность цепи
P1114	IAT - B датчик с перебоями
P1115	IAT датчик (D/C) Open/Short
P1116	Температура впускного воздуха (IAT) датчик цепь с перебоями высокое напряжение
P1117	Температура впускного воздуха (IAT) датчик цепь с перебоями низкое напряжение
P1118	IAT датчик Open/Short
P1119	Температура ОЖ (ECT) датчик цепь с перебоями низкий Voltage/IAT - B низкий уровень сигнала цепи
P1120	Температура ОЖ (ECT) датчик цепь с перебоями высокий Voltage/IAT - B высокий уровень сигнала цепи
P1121	Двигатель ОЖ датчик out range/ECT датчик Out Self Test диапазон
P1122	Двигатель ОЖ датчик intermittent/ECT датчик с перебоями
P1123	Manifold Absolute температура низкий уровень сигнала цепи
P1124	Manifold Absolute температура высокий уровень сигнала цепи
P1125	Датчик положения дросселя вне диапазона
P1126	Дроссель положение (TP) датчик цепь с перебоями высокое напряжение
P1127	Дроссель положение (TP) датчик цепь с перебоями низкое напряжение
P1128	Датчик положения дросселя в диапазон But Higher Than Expected
P1129	Датчик положения дросселя Out Self Test диапазон
P1130	Датчик положения дросселя с перебоями
P1131	Дроссель положение (Narrow диапазон) датчик неисправность цепи
P1132	Выпуск Not Warm
P1133	Upstream Heated O2 Sensors Swapped
P1134	Downstream Heated O2 Sensors Swapped
P1135	Lack HO2S выключатель - Adaptive топливо At Limit
P1136	Lack HO2S выключатель - датчик Indicates бедная смесь
P1137	Lack HO2S выключатель - датчик Indicates богатая смесь
P1138	HO2S недостаточно Switching датчик 1
P1139	HO2S Transition Time Ratio датчик 1
P1140	Pedal датчик положения A цепь с перебоями
P1141	Управление вентилятором неисправность цепи
P1142	Lack HO2S выключатель - датчик Indicates бедная смесь
P1143	Lack HO2S12 выключатель - датчик Indicates богатая смесь
P1144	Water в топливо индикатор неисправность цепи
P1150	Water в топливо Condition
P1151	Топливо Restriction индикатор неисправность цепи
P1152	Топливо Restriction Condition
P1153	Воздух Assist управление клапан диапазон/производительность
P1154	Воздух Assist управление клапан неисправность цепи
P1155	Lack HO2S21 выключатель - Adaptive топливо At Limit
P1156	Lack HO2S21 выключатель - датчик Indicates бедная смесь
P1157	Lack HO2S21 выключатель - датчик Indicates богатая смесь
P1158	Банк 2 топливо управление Shifted бедная смесь
P1159	Банк 2 топливо управление Shifted богатая смесь
P1167	Alternative топливо Controller
P1168	Топливо Select выключатель неисправность
P1169	Lack HO2S22 выключатель - датчик Indicates бедная смесь
P1170	Lack HO2S22 выключатель - датчик Indicates богатая смесь
P1171	Топливо Stepper электродвигатель неисправность
P1172	Неверный Test
P1173	Топливо Rail датчик In-Range низкий отказ
P1174	Топливо Rail датчик In-Range высокий отказ
P1175	ESO - двигатель Shut Off соленоид неисправность
P1176	Rotor датчик неисправность
P1177	Rotor управление неисправность
P1178	Rotor калибровка неисправность
P1180	Cam датчик неисправность
P1181	Cam управление неисправность
P1182	Cam калибровка неисправность
P1183	Synchronization неисправность
P1184	(обрыв)
P1185	Топливо Delivery система неисправность - низкий
P1186	Топливо Delivery система неисправность - высокий
P1187	Топливо Shut Off соленоид неисправность
P1188	Температура масла ДВС неисправность цепи
P1189	Температура масла ДВС Out Self Test диапазон
P1190	FTS высокий - топливный насос датчик температуры высокий
P1191	FTS низкий - топливный насос датчик температуры низкий
P1192	Variant Selection
P1193	Калибровка Memory неисправность
P1194	Насос скорость сигнал неисправность
P1195	Калибровка Resistor вне диапазона
P1196	Key Line напряжение
P1197	Напряжение External
P1198	EGR Drive Overcurrent
P1199	ECU A/D Converter
P1200	SCP HBCC Failed на Initialize
P1201	Key Off напряжение высокий
P1202	Key Off напряжение низкий
P1203	Насос Rotor управление Underfueling
P1204	Уровень топлива вход цепь низкий
P1205	Форсунка управление цепь
P1206	Форсунка обрыв цепи/ Shorted - цилиндр # 1
P1209	Форсунка обрыв цепи/ Shorted - цилиндр # 2
P1210	Форсунка обрыв цепи/ Shorted - цилиндр # 3
P1211	Форсунка обрыв цепи/ Shorted - цилиндр # 4
P1212	Форсунка обрыв цепи/ Shorted - цилиндр # 5
P1213	Форсунка обрыв цепи/ Shorted - цилиндр # 6
P1214	Форсунка управление давление система неисправность
P1215	Форсунка управление давление выше Expected уровень
P1216	Форсунка управление датчик давления выше/ ниже Desired
P1217	Форсунка управление давление Not обнаружено During Crank
P1218	Start форсунка неисправность цепи
P1219	Pedal датчик положения B цепь с перебоями
P1220	Pedal датчик положения C низкий уровень сигнала цепи
P1221	Pedal датчик положения C высокий уровень сигнала цепи
P1222	Pedal датчик положения C цепь с перебоями
P1223	CID высокий
P1224	CID низкий
P1225	Series дроссель управление система неисправность
P1226	Traction управление система неисправность
P1227	Traction управление выход неисправность цепи
P1228	Pedal Demand датчик B высокий уровень сигнала цепи
P1229	Датчик положения дросселя B Out Self Test диапазон
P1230	Needle Lift датчик неисправность
P1231	Управление Sleeve датчик неисправность
P1232	Wastegate Failed Closed (Over давление)
P1233	Wastegate Failed обрыв (Under давление)
P1234	Intercooler насос водителя неисправность
P1235	Топливный насос низкий скорость неисправность
P1236	Топливный насос вторичный цепь низкий
P1237	Топливный насос скорость основной неисправность цепи
P1238	Топливный насос водителя модуль Off Line
P1239	Топливный насос водителя модуль Off Line
P1240	Топливный насос управление вне диапазона
P1241	Топливный насос управление вне диапазона
P1242	Топливный насос вторичный неисправность цепи
P1243	Топливный насос вторичный неисправность цепи
P1244	Скорость топливный насос Positive Feed неисправность
P1245	Датчик питание питание неисправность
P1246	Датчик питание питание низкий входной сигнал
P1247	Датчик питание питание высокий входной сигнал
P1248	Second топливный насос Faulty или масса неисправность
P1249	Alternator Load вход Failed высокий
P1250	Alternator Load вход Failed низкий
P1251	Alternator Load вход Failed
P1252	Turbo наддув давление низкий
P1253	Turbo наддув давление Not обнаружено
P1254	Wastegate управление клапан производительность
P1255	PRC соленоид неисправность цепи
P1256	Воздух Mixture соленоид неисправность цепи
P1257	Pedal корреляция PDS1 и LPDS высокий
P1258	Pedal корреляция PDS1 и LPDS низкий
P1259	Pedal корреляция PDS2 и LPDS высокий
P1260	Pedal корреляция PDS2 и LPDS низкий
P1261	Pedal корреляция PDS1 и HPDS
P1262	Pedal корреляция PDS2 и HPDS
P1263	Pedal корреляция PDS1 и PDS2
P1264	Immobilizer на PCM сигнал Error
P1265	THEFT обнаружено
P1266	Цилиндр # 1 высокий на низкий сторона КЗ
P1267	Цилиндр # 2 высокий на низкий сторона КЗ
P1268	Цилиндр # 3 высокий на низкий сторона КЗ
P1269	Цилиндр # 4 высокий на низкий сторона КЗ
P1270	Цилиндр # 5 высокий на низкий сторона КЗ
P1271	Цилиндр # 6 высокий на низкий сторона КЗ
P1272	Цилиндр # 7 высокий на низкий сторона КЗ
P1273	Цилиндр # 8 высокий на низкий сторона КЗ
P1274	Immobilizer Code Not запрограммированных
P1275	Двигатель RPM или скорость Limiter Reached
P1276	Цилиндр # 1 высокий на низкий сторона обрыв
P1277	Цилиндр # 2 высокий на низкий сторона обрыв
P1278	Цилиндр # 3 высокий на низкий сторона обрыв
P1280	Цилиндр # 4 высокий на низкий сторона обрыв
P1281	Цилиндр # 5 высокий на низкий сторона обрыв
P1282	Цилиндр # 6 высокий на низкий сторона обрыв
P1283	Цилиндр # 7 высокий на низкий сторона обрыв
P1284	Цилиндр # 8 высокий на низкий сторона обрыв
P1285	Впрыск управление давление вне диапазона низкий
P1286	Впрыск управление давление вне диапазона высокий
P1287	Чрезмерный впрыск управление давление
P1288	IPR отказ цепи
P1289	Aborted KOER - ICP отказ
P1290	Цилиндр head over temp sensed
P1291	Топливо Pulse в диапазон But Lower Than Expected
P1292	Топливо Pulse в диапазон But Higher Than Expected
P1293	Цилиндр Head Temp датчик Out Self Test диапазон
P1294	Цилиндр Head Temp датчик высокий входной сигнал
P1295	Цилиндр Head Temp датчик низкий входной сигнал
P1296	Форсунка высокий сторона КЗ на GND или питание АКБ - банк 1
P1297	Форсунка высокий сторона КЗ на GND или питание АКБ - банк 2
P1298	Форсунка высокий сторона обрыв - банк 1
P1299	Форсунка высокий сторона обрыв - банк 2/Target idle not reached
P1300	Multi-faults - банк 1 - с низкий сторона Shorts
P1301	Multi-faults - банк 2 - с низкий сторона Shorts
P1302	Форсунка высокий Sides Shorted Together
P1303	IDM отказ
P1304	Цилиндр Head Overtemperature Protection Active
P1305	Наддув калибровка неисправность
P1306	Наддув калибровка высокий
P1307	Наддув калибровка низкий
P1308	EGR калибровка неисправность
P1309	EGR калибровка высокий
P1313	EGR калибровка низкий
P1314	Kickdown реле Pull - в цепь неисправность
P1315	Kickdown реле Hold цепь неисправность
P1316	А/С сцепление цепь неисправность
P1317	Пропуск зажигания Monitor AICE Chip неисправность
P1336	Пропуск зажигания Rate катализатор Damage неисправность - банк 1
P1340	Пропуск зажигания Rate катализатор Damage неисправность - банк 2
P1341	Persistent пропуск зажигания
P1345	Форсунка цепь/ IDM Codes обнаружено
P1346	Форсунка цепь/ IDM Codes Not Updated
P1347	Crank/ Cam датчик диапазон/ производительность
P1348	Датчик положения распредвала B неисправность цепи
P1349	Датчик положения распредвала B диапазон/ производительность
P1350	SGC (Cam положение) датчик неисправность цепи/ положение коленвала - положение распредвала корреляция
P1351	Датчик уровня топлива B неисправность цепи
P1352	Датчик уровня топлива B диапазон/ производительность
P1353	Датчик уровня топлива B цепь низкий
P1354	Датчик уровня топлива B цепь высокий
P1355	Датчик уровня топлива B Intermittent/Bypass Line Monitor
P1360	IDM вход неисправность цепи/ катушка зажигания управление цепь высокое напряжение
P1361	Катушка зажигания A основной неисправность цепи
P1362	Катушка зажигания B основной неисправность цепи
P1363	Катушка зажигания C основной неисправность цепи
P1364	Катушка зажигания D основной неисправность цепи
P1365	Катушка зажигания A вторичный неисправность цепи
P1366	Зажигание управление (IC) цепь низкое напряжение
P1367	Катушка зажигания C вторичный неисправность цепи
P1368	Катушка зажигания D вторичный неисправность цепи
P1369	Катушка зажигания основной отказ цепи
P1370	Катушка зажигания вторичный отказ цепи
P1371	Зажигание Spare
P1372	Зажигание Spare
P1373	Зажигание Spare
P1374	Двигатель температура Light Monitor отказ
P1375	Недостаточно RMP Increase During Spark Test
P1376	Катушка зажигания - цилиндр 1 - Early Activation неисправность
P1380	Катушка зажигания - цилиндр 2 - Early Activation неисправность
P1381	Катушка зажигания - цилиндр 3 - Early Activation неисправность
P1382	Положение коленвала (CKP)/ катушка зажигания - цилиндр 4 - Early Activation неисправность
P1383	Катушка зажигания - цилиндр 5 - Early Activation неисправность
P1384	Катушка зажигания - цилиндр 6 - Early Activation неисправность
P1385	Обнаружен пропуск зажигания - Rough дорога данные Not Available
P1386	Variable Cam Timing Overadvanced (банк # 1)/ обнаружен пропуск зажигания - нет связь с BCM
P1387	Variable Cam Timing соленоид # 1 неисправность цепи
P1388	Variable Cam Timing Overretarded (банк # 1)
P1389	VVT соленоид A неисправность
P1390	Variable Cam Timing соленоид B неисправность
P1391	Variable Cam Timing Overadvanced (банк # 2)
P1392	Variable Cam Timing соленоид # 2 неисправность цепи
P1393	Variable Cam Timing Overretarded (банк # 2)
P1394	Glow Plug цепь высокий сторона низкий входной сигнал
P1395	Octane Adjust Pin Out Self Test диапазон
P1396	Glow Plug низкий уровень сигнала цепи (банк # 1)
P1397	Glow Plug высокий уровень сигнала цепи (банк # 1)
P1398	Glow Plug низкий уровень сигнала цепи (банк # 2)
P1399	Glow Plug высокий уровень сигнала цепи (банк # 2)
P1400	Glow Plug Monitor неисправность (банк # 1)
P1401	Glow Plug Monitor неисправность (банк # 2)
P1402	Система напряжение Out Self Test диапазон
P1403	VVT соленоид B высокий уровень сигнала цепи
P1404	Glow Plug цепь высокий сторона
P1405	DPFE низкий уровень сигнала цепи
P1406	DPFE высокий уровень сигнала цепи
P1407	EGR Metering Orifice Restricted
P1408	DPFE датчик Hoses Reversed
P1409	IAT - B неисправность цепи/ система EGR Closed положение производительность
P1411	DPFE датчик Upstream Hose Off или Plugged
P1413	Система EGR (EGR) датчик положения производительность
P1414	EGR нет Flow обнаружено
P1415	EGR Flow Out Self Test диапазон
P1416	EVR управление неисправность цепи
P1417	SAI система некорректный Downstream Flow обнаружено
P1418	SAI система Monitor низкий уровень сигнала цепи
P1419	SAI система Monitor высокий уровень сигнала цепи
P1420	Воздух насос неисправность цепи/ (воздух) система банк 1
P1421	Port воздух неисправность цепи/ (воздух) система банк 2
P1422	Port воздух Relief неисправность цепи
P1423	Split воздух # 1 неисправность цепи
P1424	Split воздух # 2 неисправность цепи
P1425	Катализатор датчик температуры отказ
P1426	Катализатор Damage
P1427	EGI датчик температуры отказ
P1428	EGI Functionality Test Failed
P1429	EGI Glow Plug основной отказ
P1430	EGI Glow Plug вторичный отказ
P1433	EGI Mini - MAF Failed вне диапазона
P1434	EGI Mini - MAF Failed КЗ цепь
P1435	EGI Mini - MAF Failed обрыв цепи
P1436	Electric воздух насос основной отказ
P1437	Electric воздух насос вторичный отказ
P1438	А/С Refrigerant температура цепь низкий
P1439	А/С Refrigerant температура цепь высокий
P1440	А/С Refrigerant температура цепь: диапазон/производительность
P1441	А/С Evaporator воздух температура цепь низкий
P1442	А/С Evaporator воздух температура цепь: диапазон/производительность
P1443	Floor температура выключатель неисправность цепи
P1444	Purge клапан Stuck обрыв
P1445	Испарительная токсичность (EVAP) система Flow During Non-Purge Chevrolet Only
P1446	Испарительная токсичность (EVAP) система Flow During Non-Purge Oldsmobile Only
P1447	Система EVAP Leak обнаружено
P1448	Система EVAP управление клапан
P1449	Purge датчик расхода низкий уровень сигнала цепи
P1450	Purge датчик расхода высокий уровень сигнала цепи
P1451	Испарительная Vac соленоид неисправность цепи
P1452	ELC система Closure клапан Flow неисправность
P1453	ELC система 2 неисправность
P1454	Испарительная Check соленоид неисправность цепи
P1455	Unable на Bleed вверх топливо Tank Vacuum
P1456	EVAP токсичность управление Sys обдув управление клапан цепь
P1457	Unable на Bleed - вверх Vacuum в Tank
P1460	Топливо Tank давление Relief клапан неисправность
P1461	Испарительная система Vacuum Test неисправность
P1462	EVAP токсичность управление Sys Leak обнаружено (Gross Leak/No Flow)
P1463	Топливо Tank датчик температуры неисправность цепи
P1464	Unable на Pull Vacuum в Tank
P1465	Wide обрыв дроссель А/С cutoff реле цепь
P1466	А/С датчик давления цепь напряжение низкий
P1467	А/С датчик давления цепь напряжение высокий
P1468	А/С датчик давления недостаточно давление Change
P1469	А/С Demand Out Self Test диапазон
P1470	А/С реле неисправность цепи
P1471	А/С Refrigerant температура Sensor/Circuit неисправность
P1472	А/С Compressor датчик температуры неисправность
P1473	SSPOD обрыв цепи или Closed цепь неисправность
P1474	Низкий А/С Cycling Period
P1475	А/С Cycling Period слишком КЗ
P1476	Electrodrive Fan 1 Operational отказ (сторона водителя)
P1477	Electrodrive Fan 2 Operational отказ (сторона пассажира)
P1478	Fan вторичный высокий с Fan (s) Off
P1479	Низкий управление вентилятором основной неисправность цепи
P1480	Fan реле (низкий) неисправность цепи
P1481	Fan реле (высокий) неисправность цепи
P1482	Additional Fan реле неисправность цепи
P1483	Вентилятор охлаждения водителя неисправность
P1484	Высокий управление вентилятором основной неисправность цепи
P1485	Fan вторичный низкий с низкий Fan на
P1486	Fan вторичный низкий с высокий Fan на
P1487	SCP
P1490	Питание на Fan цепь Overcurrent
P1491	Обрыв питание на масса VCRM
P1492	EGRV неисправность цепи
P1493	EGRA неисправность цепи
P1494	EGRCHK соленоид неисправность цепи
P1495	Вторичный воздух Relief соленоид неисправность цепи
P1500	Вторичный выключатель соленоид неисправность цепи
P1501	APLSOL соленоид неисправность цепи
P1502	RCNT соленоид неисправность цепи
P1503	SPCUT соленоид неисправность цепи
P1504	TCSPL соленоид неисправность цепи
P1505	Датчик скорости автомобиля с перебоями
P1506	Датчик скорости автомобиля Out Self Test диапазон
P1507	Датчик скорости автомобиля с перебоями неисправность
P1508	Auxillary датчик скорости неисправность
P1509	Регулятор ХХ неисправность цепи
P1510	Регулятор ХХ система At Adaptive Clip
P1511	Регулятор ХХ Overspeed Error
P1512	Регулятор ХХ Underspeed Error
P1513	Idle управление система обрыв цепи
P1514	Idle управление система цепь Shorted
P1515	Idle сигнал неисправность цепи
P1516	Idle выключатель (Electric управление дроссель) неисправность цепи
P1517	Впуск Manifold Runner управление (банк 1) Stuck Closed
P1518	Впуск Manifold Runner управление (банк 2) Stuck Closed
P1519	Высокий Load Neutral/Drive неисправность
P1520	Electric ток неисправность цепи
P1521	IMRC вход Error (банк 1)
P1522	IMRC вход Error (банк 2)
P1523	Впуск Manifold Runner управление (Stuck обрыв)
P1524	Впуск Manifold Runner управление (Stuck Closed)
P1525	Впуск Manifold Runner управление неисправность цепи
P1526	Variable впуск соленоид # 1 неисправность цепи
P1527	Variable впуск соленоид # 2 неисправность цепи
P1528	IVC соленоид неисправность цепи
P1529	Variable впуск соленоид система
P1530	Воздух байпас клапан система
P1531	Воздух байпас система
P1532	Accelerate Warmup соленоид неисправность цепи
P1533	Subsidiary дроссель клапан соленоид неисправность цепи
P1534	SCAIR соленоид неисправность цепи
P1535	А/С сцепление неисправность цепи
P1536	Неверный Test - Accelerator Pedal Movement
P1537	IMCC неисправность цепи
P1538	AAI неисправность цепи
P1539	Inertia выключатель Activated
P1540	Blower Fan скорость цепь: диапазон/производительность
P1549	Parking выключатель тормоза отказ цепи
P1550	Впуск Manifold Runner управление (банк 1) Stuck обрыв
P1565	Впуск Manifold Runner управление (банк 2) Stuck обрыв
P1566	Питание на А/С сцепление цепь Overcurrent
P1567	Воздух байпас клапан неисправность цепи
P1568	IMCC неисправность цепи
P1571	PSPS Out Self Test диапазон
P1572	Скорость управление Command выключатель вне диапазона высокий
P1573	Скорость управление Command выключатель вне диапазона низкий
P1574	Скорость управление выход цепь Continuity
P1575	Скорость управление Unable на Hold скорость
P1576	Выключатель тормоза неисправность
P1577	Тормоз Pedal выключатель неисправность цепи
P1578	Дроссель положение Not Available
P1579	Датчик положения дросселя Disagreement btwn Sensors
P1580	Pedal положение Out Self Test диапазон
P1581	Pedal положение Not Available
P1582	Pedal датчик положения Disagreement btwn Sensors
P1583	ETC питание Less Than Demand
P1584	ETC в питание Limiting Mode
P1585	Electronic дроссель Monitor PCM Override
P1586	Electronic дроссель Monitor неисправность
P1587	Electronic дроссель Monitor данные Available
P1588	Electronic дроссель Monitor Cruise Disable
P1589	TCU обнаружено IPE неисправность цепи
P1600	Дроссель управление блок неисправность
P1601	Дроссель управление блок дроссель положение неисправность
P1602	Дроссель управление блок Modulated Command неисправность
P1603	Дроссель управление блок обнаружено Loss Return Spring
P1604	TCU Unable на управление Desired дроссель Angle
P1605	Loss KAM питание; обрыв цепи
P1606	ECM/TCM Serial связь Error
P1607	Immobilizer/ECM связь Error
P1608	EEPROM неисправность
P1609	Code Word Unregestered
P1610	Память KAM Test отказ
P1611	ECM управление реле O/P неисправность цепи
P1612	MIL O/P неисправность цепи
P1613	Internal ECM неисправность
P1614	Diagnostic лампа водителя неисправность
P1615	SBDS Interactive Codes
P1616	SBDS Interactive Codes
P1617	SBDS Interactive Codes
P1618	SBDS Interactive Codes
P1619	SBDS Interactive Codes
P1620	SBDS Interactive Codes
P1621	SBDS Interactive Codes
P1622	SBDS Interactive Codes
P1623	SBDS Interactive Codes
P1624	SBDS Interactive Codes
P1625	SBDS Interactive Codes
P1626	Модуль управления Long Term Memory производительность/ Immobilizer Code Words Do Not Match
P1627	Immobilizer ID Does Not Match
P1628	Immobilizer Code Word/ID число Write отказ
P1629	Anti Theft система
P1630	B + питание на VCRM Fan неисправность цепи
P1631	Theft Deterrent топливо Enable сигнал Not Received/ B + питание на VCRM А/С неисправность цепи
P1632	Модуль питание напряжение вне диапазона
P1633	Модуль зажигание питание вход неисправность
P1634	Internal напряжение Regulator неисправность
P1635	Internal Vref неисправность
P1636	Theft Deterrent Start Enable сигнал Not Correct/ Main реле неисправность (питание Hold)
P1637	Smart Alternator Faults Sensor/Circuit неисправность
P1638	KAM напряжение слишком низкий
P1639	Данные выход Link отказ цепи
P1640	Tire/ Axle Ratio Out Acceptable диапазон
P1641	Inductive Signature Chip связь Error
P1642	Can Link ECM/ABSCM цепь/ сеть неисправность
P1643	Can Link ECM/INSTM цепь/ сеть неисправность
P1644	Vehicle ID Block Corrupted или Not запрограммированных
P1645	Powertrain DTCs Available в Another модуль
P1650	Топливный насос основной отказ цепи
P1651	Топливный насос Monitor высокий уровень сигнала цепи
P1652	Топливный насос Monitor низкий уровень сигнала цепи
P1653	Топливный насос скорость управление неисправность цепи
P1654	Топливный насос Resistor выключатель неисправность цепи
P1655	PSP выключатель Out Self Test диапазон
P1660	PSP выключатель вход неисправность
P1661	IAC Monitor Disabled by PSP выключатель Failed на
P1662	Питание рулевое выход неисправность цепи
P1663	Рециркуляция Override неисправность цепи
P1667	Starter Disable неисправность цепи
P1668	Выход цепь Check сигнал высокий
P1670	Выход цепь Check сигнал низкий
P1680	IDM_EN отказ цепи
P1681	Топливо Demand Command сигнал неисправность цепи
P1682	CI неисправность цепи
P1683	PCM - IDM Communications Error
P1684	Electronic обратная связь сигнал Not обнаружено
P1685	Metering масло насос неисправность
P1686	Metering масло насос неисправность
P1687	Metering масло насос неисправность
P1688	Metering масло насос датчик температуры неисправность цепи
P1689	Metering масло насос датчик положения неисправность цепи
P1690	Metering масло насос Stepping электродвигатель неисправность цепи
P1691	Metering масло насос Stepping электродвигатель неисправность цепи
P1692	Metering масло насос Stepping электродвигатель неисправность цепи
P1693	Metering масло насос Stepping электродвигатель неисправность цепи
P1694	Масло давление управление соленоид неисправность цепи
P1700	Wastegate соленоид неисправность цепи
P1701	Turbo давление управление соленоид неисправность цепи
P1702	Turbo управление соленоид неисправность цепи
P1703	Turbo Charge управление неисправность цепи
P1704	Turbo Charge Relief неисправность цепи
P1705	Трансмиссия Indeterminate отказ (Failed на Neutral)
P1706	Reverse Engagement Error
P1707	TRS цепь с перебоями неисправность
P1708	Выключатель тормоза Out Self Test диапазон
P1709	Digital TRS Failed на Transition States в KOEO/ KOER
P1711	Not в P или N During KOEO/ KOER
P1712	Высокий Vehicle скорость Observed в Park
P1713	Раздаточная коробка Neutral индикатор Hard неисправность Present
P1714	Сцепление выключатель неисправность цепи
P1715	PNP выключатель Out Self Test диапазон
P1716	TFT датчик Out Self Test диапазон
P1717	Trans Torque Reduction Request сигнал неисправность
P1718	TFT датчик в диапазон отказ низкий Value
P1720	SSA Inductive Signature неисправность
P1721	SSB Inductive Signature неисправность
P1722	SSC Inductive Signature неисправность
P1723	SSD Inductive Signature неисправность
P1724	TFT датчик в диапазон отказ высокий
P1725	Vehicle скорость (Meter) неисправность цепи
P1726	Gear 1 некорректный Ratio
P1727	Gear 2 некорректный Ratio
P1728	Gear 3 некорректный Ratio
P1729	Gear 4 некорректный Ratio
P1730	Недостаточно двигатель скорость Increase During Self Test
P1731	Недостаточно двигатель скорость Decrease During Self Test
P1732	Coast сцепление соленоид Inductive Signature неисправность
P1733	Трансмиссия Slip Error
P1734	4x4 низкий выключатель Error
P1735	Gear управление неисправность 2
P1736	1-2 Shift неисправность
P1737	2-3 Shift неисправность
P1738	3-4 Shift неисправность
P1739	Gear управление неисправность
P1740	First Gear выключатель неисправность цепи
P1741	Second Gear выключатель неисправность цепи
P1742	Lockup соленоид система
P1743	Shift Time Error
P1744	Slip соленоид система
P1745	Блокировка гидротрансформатора Inductive Signature неисправность
P1746	Блокировка гидротрансформатора управление Error
P1747	Блокировка гидротрансформатора соленоид Failed на
P1748	Блокировка гидротрансформатора соленоид Failied на
P1749	Блокировка гидротрансформатора система производительность
P1751	Line давление соленоид система
P1754	Давление управление соленоид " A " обрыв цепи
P1755	Давление управление соленоид " A " КЗ цепь
P1756	EPC неисправность
P1760	Давление управление соленоид Failed низкий
P1761	Соленоид переключения A производительность
P1762	Coast сцепление соленоид неисправность цепи
P1765	Intermediate датчик скорости (ISS) неисправность
P1767	Соленоид переключения B производительность
P1768	Давление управление соленоид " A " КЗ цепь
P1769	Соленоид переключения C производительность
P1770	Overdrive Band Failed Off
P1775	Timing соленоид неисправность цепи
P1776	Блокировка гидротрансформатора неисправность цепи
P1777	Производительность/ Normal/ Winter Mode вход неисправность
P1778	AG4 трансмиссия Torque Modulation неисправность
P1779	Сцепление соленоид неисправность цепи
P1780	Трансмиссия система MIL неисправность
P1781	Зажигание Retard Request Duration неисправность
P1782	Зажигание Retard Request цепь неисправность
P1783	Трансмиссия Reverse I/P неисправность цепи
P1784	TCIL неисправность цепи
P1785	Trans управление выключатель (O/D Cancel) Out Self Test диапазон
P1786	4X4 выключатель Out Self Test диапазон
P1787	P/ES цепь Out Self Test диапазон
P1788	Трансмиссия Overtemperature Condition
P1789	Трансмиссия Mechanical отказ - First и Reverse
P1790	Трансмиссия Mechanical отказ - First и Second
P1791	3-2 Downshift Error
P1792	2-1 Downshift Error
P1793	Давление управление соленоид " B " обрыв цепи
P1794	Давление управление соленоид " B " КЗ цепь
P1795	TP (Mechanical) неисправность цепи
P1796	TP (Electric) неисправность цепи
P1797	Barometer давление неисправность цепи
P1798	Впуск воздух Volume неисправность цепи
P1799	АКБ напряжение неисправность цепи
P1800	Idle выключатель неисправность цепи
P1801	Kick вниз выключатель неисправность цепи
P1802	Neutral выключатель неисправность цепи
P1803	ОЖ температура неисправность цепи
P1804	Hold выключатель неисправность цепи
P1805	Трансмиссия сцепление Interlock Safety выключатель отказ цепи
P1806	Трансмиссия сцепление Interlock Safety выключатель обрыв цепи
P1807	Трансмиссия сцепление Interlock Safety выключатель КЗ на питание
P1808	Трансмиссия сцепление Interlock Safety выключатель КЗ на массу
P1809	Трансмиссия 4-Wheel Drive высокий индикатор отказ цепи
P1810	Трансмиссия 4-Wheel Drive высокий индикатор обрыв цепи
P1811	Трансмиссия 4-Wheel Drive высокий индикатор КЗ на питание
P1812	Трансмиссия 4-Wheel Drive высокий индикатор КЗ на массу
P1813	Трансмиссия 4-Wheel Drive низкий индикатор отказ цепи
P1814	Трансмиссия 4-Wheel Drive низкий индикатор обрыв цепи
P1815	TFP клапан положение выключатель цепь/ трансмиссия 4-Wheel Drive низкий индикатор КЗ на питание
P1816	Трансмиссия 4-Wheel Drive низкий индикатор КЗ на массу
P1817	Трансмиссия 4-Wheel Drive Mode Select отказ цепи
P1818	Трансмиссия 4-Wheel Drive Mode Select обрыв цепи
P1819	Трансмиссия 4-Wheel Drive Mode Select КЗ на питание
P1820	Трансмиссия 4-Wheel Drive Mode Select КЗ на массу
P1821	Трансмиссия Neutral Safety выключатель отказ цепи
P1822	Трансмиссия Neutral Safety выключатель обрыв цепи
P1823	Трансмиссия Neutral Safety выключатель КЗ на питание
P1824	Трансмиссия Neutral Safety выключатель КЗ на массу
P1825	Трансмиссия раздаточная коробка Clockwise Shift обмотка реле отказ цепи
P1826	Трансмиссия раздаточная коробка Clockwise Shift обмотка реле обрыв цепи
P1827	Трансмиссия раздаточная коробка Clockwise Shift обмотка реле КЗ на питание
P1828	Трансмиссия раздаточная коробка Clockwise Shift обмотка реле КЗ на массу
P1829	Трансмиссия 4-Wheel Drive сцепление реле отказ цепи
P1830	Трансмиссия 4-Wheel Drive сцепление реле обрыв цепи
P1831	Трансмиссия 4-Wheel Drive низкий сцепление реле цепь на АКБ
P1832	Трансмиссия 4-Wheel Drive низкий сцепление реле цепь на масса
P1833	Трансмиссия раздаточная коробка Counter Clockwise Shift обмотка реле отказ цепи
P1834	Трансмиссия раздаточная коробка Counter Clockwise Shift обмотка реле обрыв цепи
P1835	Трансмиссия раздаточная коробка Counter Clockwise Shift обмотка реле КЗ на питание
P1836	Трансмиссия раздаточная коробка Counter Clockwise Shift обмотка реле КЗ на массу
P1837	Трансмиссия раздаточная коробка Differential Lock-Up соленоид отказ цепи
P1838	Трансмиссия раздаточная коробка Differential Lock-Up соленоид обрыв цепи
P1839	Трансмиссия раздаточная коробка Differential Lock-Up соленоид КЗ на питание
P1840	Трансмиссия раздаточная коробка Differential Lock-Up соленоид КЗ на массу
P1841	Трансмиссия раздаточная коробка передний Shaft датчик скорости отказ цепи
P1842	Трансмиссия раздаточная коробка задний Shaft датчик скорости отказ цепи
P1843	Трансмиссия раздаточная коробка Shift электродвигатель отказ цепи
P1844	Трансмиссия раздаточная коробка Shift электродвигатель обрыв цепи
P1845	Трансмиссия раздаточная коробка Shift электродвигатель КЗ на питание
P1846	Трансмиссия раздаточная коробка Shift электродвигатель КЗ на массу
P1847	Трансмиссия раздаточная коробка Differential Lock-Up обратная связь выключатель отказ цепи
P1848	Трансмиссия раздаточная коробка Differential Lock-Up обратная связь выключатель обрыв цепи
P1849	Трансмиссия раздаточная коробка Differential Lock-Up обратная связь выключатель КЗ на питание
P1850	Трансмиссия раздаточная коробка Differential Lock-Up обратная связь выключатель КЗ на массу
P1867	Трансмиссия раздаточная коробка Contact Plate питание отказ цепи
P1868	Трансмиссия раздаточная коробка Contact Plate питание обрыв цепи
P1869	Трансмиссия раздаточная коробка Contact Plate питание КЗ на питание
P1870	Трансмиссия раздаточная коробка Contact Plate питание КЗ на массу
P1871	Трансмиссия раздаточная коробка система Concern - Servicing Required
P1872	Трансмиссия раздаточная коробка Contact Plate General отказ цепи
P1873	Трансмиссия Automatic 4-Wheel Drive индикатор (лампа) отказ цепи
P1874	Трансмиссия Automatic 4-Wheel Drive индикатор (лампа) КЗ цепи на питание
P1875	Трансмиссия Component Slipping/ трансмиссия Mechanical раздаточная коробка 4x4 выключатель отказ цепи
P1876	Трансмиссия Mechanical раздаточная коробка 4x4 выключатель КЗ цепи на питание
P1877	Трансмиссия Mechanical 4-Wheel Drive Axle Lock лампа отказ цепи
P1878	Трансмиссия Mechanical 4-Wheel Drive Axle Lock лампа КЗ цепи на питание
P1879	Трансмиссия Automatic Hall Effect датчик питание отказ цепи
P1880	Трансмиссия Automatic Hall Effect датчик питание КЗ цепи на питание/ 4WD низкий выключатель цепь Electrical
P1881	Трансмиссия раздаточная коробка 2-Wheel Drive соленоид отказ цепи
P1882	Трансмиссия раздаточная коробка 2-Wheel Drive соленоид КЗ цепи на питание
P1883	Трансмиссия раздаточная коробка Disengaged соленоид отказ цепи
P1884	Трансмиссия раздаточная коробка Disengaged соленоид обрыв цепи
P1885	Трансмиссия раздаточная коробка Disengaged соленоид КЗ на питание
P1886	Двигатель ОЖ уровень выключатель отказ цепи
P1890	Двигатель ОЖ уровень выключатель КЗ цепи на массу
P1891	Двигатель ОЖ уровень выключатель отказ цепи
P1900	Двигатель ОЖ уровень лампа КЗ цепи на массу
P1901	Трансмиссия раздаточная коробка Disengaged соленоид КЗ на массу
P1902	4X4 Initialization отказ
P1903	Трансмиссия 4WD Mode Select Return вход отказ цепи
P1904	Трансмиссия раздаточная коробка Contact Plate масса Return обрыв цепи
P1905	OSS цепь с перебоями неисправность
P1906	TSS цепь с перебоями неисправность
P1907	Давление управление соленоид " B " с перебоями КЗ
P1908	Давление управление соленоид " C " КЗ цепь
P1909	Давление управление соленоид " C " обрыв цепи
P1910	Давление управление соленоид " C " с перебоями КЗ
P1911	Kickdown Pull реле обрыв или КЗ на массу
P1912	Kickdown Hold реле обрыв или КЗ на массу
P1913	Трансмиссия давление цепь соленоид обрыв или КЗ на массу
P1914	Trans Temp датчик обрыв цепи или Shorted на Pwr или Gnd
P1915	VFS A давление выход Failed низкий
P1916	VFS B давление выход Failed низкий
P1917	VFS C давление выход Failed низкий
P1918	Давление выключатель A неисправность цепи
U1000	SCP (J1850) неверные или отсутствующие данные для основной ID
U1001	SCP (J1850) неверные или отсутствующие данные для основной ID
U1002	SCP (J1850) неверные или отсутствующие данные для основной ID
U1003	SCP (J1850) неверные или отсутствующие данные для основной ID
U1004	SCP (J1850) неверные или отсутствующие данные для EEC Programming
U1005	SCP (J1850) неверные или отсутствующие данные для EEC Programming
U1006	SCP (J1850) неверные или отсутствующие данные для основной ID
U1007	SCP (J1850) неверные или отсутствующие данные для основной ID
U1008	SCP (J1850) неверные или отсутствующие данные для двигатель Torque
U1009	SCP (J1850) неверные или отсутствующие данные для двигатель Torque
U1010	SCP (J1850) неверные или отсутствующие данные для двигатель воздух впуск
U1011	SCP (J1850) неверные или отсутствующие данные для двигатель воздух впуск
U1012	SCP (J1850) неверные или отсутствующие данные для основной ID
U1013	SCP (J1850) неверные или отсутствующие данные для основной ID
U1014	SCP (J1850) неверные или отсутствующие данные для основной ID
U1015	SCP (J1850) неверные или отсутствующие данные для основной ID
U1016	SCP (J1850) неверные или отсутствующие данные для основной ID
U1017	SCP (J1850) неверные или отсутствующие данные для основной ID
U1018	SCP (J1850) неверные или отсутствующие данные для дроссель
U1019	SCP (J1850) неверные или отсутствующие данные для дроссель
U1020	SCP (J1850) неверные или отсутствующие данные для воздух Conditioning сцепление
U1021	SCP (J1850) неверные или отсутствующие данные для воздух Conditioning сцепление
U1022	SCP (J1850) неверные или отсутствующие данные для основной ID
U1023	SCP (J1850) неверные или отсутствующие данные для основной ID
U1024	SCP (J1850) неверные или отсутствующие данные для основной ID
U1025	SCP (J1850) неверные или отсутствующие данные для основной ID
U1026	SCP (J1850) неверные или отсутствующие данные для двигатель RPM
U1027	SCP (J1850) неверные или отсутствующие данные для двигатель RPM
U1028	SCP (J1850) неверные или отсутствующие данные для основной ID
U1029	SCP (J1850) неверные или отсутствующие данные для основной ID
U1030	SCP (J1850) неверные или отсутствующие данные для Experimental # 1
U1031	SCP (J1850) неверные или отсутствующие данные для Experimental # 1
U1032	SCP (J1850) неверные или отсутствующие данные для основной ID
U1033	SCP (J1850) неверные или отсутствующие данные для основной ID
U1034	SCP (J1850) неверные или отсутствующие данные для основной ID
U1035	SCP (J1850) неверные или отсутствующие данные для основной ID
U1036	SCP (J1850) неверные или отсутствующие данные для Wheels
U1037	SCP (J1850) неверные или отсутствующие данные для Wheels
U1038	SCP (J1850) неверные или отсутствующие данные для основной ID
U1039	SCP (J1850) неверные или отсутствующие данные для основной ID/ Vehicle скорость
U1040	SCP (J1850) неверные или отсутствующие данные для Vehicle скорость
U1041	SCP (J1850) неверные или отсутствующие данные для Vehicle скорость
U1042	SCP (J1850) неверные или отсутствующие данные для Traction управление
U1043	SCP (J1850) неверные или отсутствующие данные для Traction управление
U1044	SCP (J1850) неверные или отсутствующие данные для Traction электродвигатель
U1045	SCP (J1850) неверные или отсутствующие данные для Traction электродвигатель
U1046	SCP (J1850) неверные или отсутствующие данные для основной ID
U1047	SCP (J1850) неверные или отсутствующие данные для основной ID
U1048	SCP (J1850) неверные или отсутствующие данные для основной ID
U1049	SCP (J1850) неверные или отсутствующие данные для основной ID
U1050	SCP (J1850) неверные или отсутствующие данные для Brakes
U1051	SCP (J1850) неверные или отсутствующие данные для Brakes
U1052	SCP (J1850) неверные или отсутствующие данные для рулевое/ рулевое колесо
U1053	SCP (J1850) неверные или отсутствующие данные для рулевое/ рулевое колесо
U1054	SCP (J1850) неверные или отсутствующие данные для основной ID
U1055	SCP (J1850) неверные или отсутствующие данные для основной ID
U1056	SCP (J1850) неверные или отсутствующие данные для Vehicle конфигурация
U1057	SCP (J1850) неверные или отсутствующие данные для Vehicle конфигурация
U1058	SCP (J1850) неверные или отсутствующие данные для трансмиссия/ Transaxle/ PRNDL
U1059	SCP (J1850) неверные или отсутствующие данные для трансмиссия/ Transaxle/ PRNDL
U1060	SCP (J1850) неверные или отсутствующие данные для основной ID
U1061	SCP (J1850) неверные или отсутствующие данные для основной ID
U1062	SCP (J1850) неверные или отсутствующие данные для основной ID
U1063	SCP (J1850) неверные или отсутствующие данные для основной ID
U1064	SCP (J1850) неверные или отсутствующие данные для основной ID
U1065	SCP (J1850) неверные или отсутствующие данные для основной ID
U1066	SCP (J1850) неверные или отсутствующие данные для основной ID
U1067	SCP (J1850) неверные или отсутствующие данные для основной ID
U1068	SCP (J1850) неверные или отсутствующие данные для основной ID
U1069	SCP (J1850) неверные или отсутствующие данные для основной ID
U1070	SCP (J1850) неверные или отсутствующие данные для двигатель Sensors
U1071	SCP (J1850) неверные или отсутствующие данные для двигатель Sensors
U1072	SCP (J1850) неверные или отсутствующие данные для двигатель ОЖ
U1073	SCP (J1850) неверные или отсутствующие данные для двигатель ОЖ
U1074	SCP (J1850) неверные или отсутствующие данные для двигатель масло
U1075	SCP (J1850) неверные или отсутствующие данные для двигатель масло Temp
U1076	SCP (J1850) неверные или отсутствующие данные для основной ID
U1077	SCP (J1850) неверные или отсутствующие данные для основной ID
U1078	SCP (J1850) неверные или отсутствующие данные для основной ID
U1079	SCP (J1850) неверные или отсутствующие данные для основной ID
U1080	SCP (J1850) неверные или отсутствующие данные для основной ID
U1081	SCP (J1850) неверные или отсутствующие данные для основной ID
U1082	SCP (J1850) неверные или отсутствующие данные для двигатель Systems Other
U1083	SCP (J1850) неверные или отсутствующие данные для двигатель Systems Other
U1084	SCP (J1850) неверные или отсутствующие данные для Powertrain Status Request
U1085	SCP (J1850) неверные или отсутствующие данные для Powertrain Status Request
U1086	SCP (J1850) неверные или отсутствующие данные для основной ID
U1087	SCP (J1850) неверные или отсутствующие данные для основной ID
U1088	SCP (J1850) неверные или отсутствующие данные для подвеска
U1089	SCP (J1850) неверные или отсутствующие данные для подвеска
U1090	SCP (J1850) неверные или отсутствующие данные для Non-Legislated Diagnostics
U1091	SCP (J1850) неверные или отсутствующие данные для Non-Legislated Diagnostics
U1092	SCP (J1850) неверные или отсутствующие данные для основной ID
U1093	SCP (J1850) неверные или отсутствующие данные для основной ID
U1094	SCP (J1850) неверные или отсутствующие данные для Experimental # 2
U1095	SCP (J1850) неверные или отсутствующие данные для Experimental # 2
U1096	SCP (J1850) неверные или отсутствующие данные для основной ID
U1097	SCP (J1850) неверные или отсутствующие данные для основной ID
U1098	SCP (J1850) неверные или отсутствующие данные для Vehicle скорость управление
U1099	SCP (J1850) неверные или отсутствующие данные для Vehicle скорость управление
U1100	SCP (J1850) неверные или отсутствующие данные для основной ID
U1101	SCP (J1850) неверные или отсутствующие данные для основной ID
U1102	SCP (J1850) неверные или отсутствующие данные для основной ID
U1103	SCP (J1850) неверные или отсутствующие данные для основной ID
U1104	SCP (J1850) неверные или отсутствующие данные для Chassis Status Request
U1105	SCP (J1850) неверные или отсутствующие данные для Chassis Status Request
U1106	SCP (J1850) неверные или отсутствующие данные для Legislated Diagnostics
U1107	SCP (J1850) неверные или отсутствующие данные для Legislated Diagnostics
U1108	SCP (J1850) неверные или отсутствующие данные для Electric Traction Drive (Inverter)
U1109	SCP (J1850) неверные или отсутствующие данные для Electric Traction Drive (Inverter)
U1110	SCP (J1850) неверные или отсутствующие данные для основной ID
U1111	SCP (J1850) неверные или отсутствующие данные для основной ID
U1112	SCP (J1850) неверные или отсутствующие данные для основной ID
U1113	SCP (J1850) неверные или отсутствующие данные для основной ID
U1114	SCP (J1850) неверные или отсутствующие данные для Charging система
U1115	SCP (J1850) неверные или отсутствующие данные для Charging система
U1116	SCP (J1850) неверные или отсутствующие данные для Electrical Energy Management
U1117	SCP (J1850) неверные или отсутствующие данные для Electrical Energy Management
U1118	SCP (J1850) неверные или отсутствующие данные для основной ID
U1119	SCP (J1850) неверные или отсутствующие данные для основной ID
U1120	SCP (J1850) неверные или отсутствующие данные для основной ID
U1121	SCP (J1850) неверные или отсутствующие данные для основной ID
U1122	SCP (J1850) неверные или отсутствующие данные для Odometer
U1123	SCP (J1850) неверные или отсутствующие данные для Odometer
U1124	SCP (J1850) неверные или отсутствующие данные для основной ID
U1125	SCP (J1850) неверные или отсутствующие данные для основной ID
U1126	SCP (J1850) неверные или отсутствующие данные для основной ID
U1127	SCP (J1850) неверные или отсутствующие данные для основной ID
U1128	SCP (J1850) неверные или отсутствующие данные для основной ID
U1129	SCP (J1850) неверные или отсутствующие данные для основной ID
U1130	SCP (J1850) неверные или отсутствующие данные для топливо система
U1131	SCP (J1850) неверные или отсутствующие данные для топливо система
U1132	SCP (J1850) неверные или отсутствующие данные для Vehicle Motion
U1133	SCP (J1850) неверные или отсутствующие данные для Vehicle Motion
U1134	SCP (J1850) неверные или отсутствующие данные для зажигание выключатель/ Starter
U1135	SCP (J1850) неверные или отсутствующие данные для зажигание выключатель/ Starter
U1136	SCP (J1850) неверные или отсутствующие данные для Telltales
U1137	SCP (J1850) неверные или отсутствующие данные для Telltales
U1138	SCP (J1850) неверные или отсутствующие данные для основной ID
U1139	SCP (J1850) неверные или отсутствующие данные для основной ID
U1140	SCP (J1850) неверные или отсутствующие данные для Gateway
U1141	SCP (J1850) неверные или отсутствующие данные для Gateway
U1142	SCP (J1850) неверные или отсутствующие данные для основной ID
U1143	SCP (J1850) неверные или отсутствующие данные для основной ID
U1144	SCP (J1850) неверные или отсутствующие данные для основной ID
U1145	SCP (J1850) неверные или отсутствующие данные для основной ID
U1146	SCP (J1850) неверные или отсутствующие данные для Vehicle Security
U1147	SCP (J1850) неверные или отсутствующие данные для Vehicle Security
U1148	SCP (J1850) неверные или отсутствующие данные для Audio управление
U1149	SCP (J1850) неверные или отсутствующие данные для Audio управление
U1150	SCP (J1850) неверные или отсутствующие данные для Audible Warnings
U1151	SCP (J1850) неверные или отсутствующие данные для Audible Warnings
U1152	SCP (J1850) неверные или отсутствующие данные для Experimental # 3
U1153	SCP (J1850) неверные или отсутствующие данные для Experimental # 3
U1154	SCP (J1850) неверные или отсутствующие данные для Compact Disc
U1155	SCP (J1850) неверные или отсутствующие данные для Compact Disc
U1156	SCP (J1850) неверные или отсутствующие данные для Digital сигнал Processing
U1157	SCP (J1850) неверные или отсутствующие данные для Digital сигнал Processing
U1158	SCP (J1850) неверные или отсутствующие данные для Antenna
U1159	SCP (J1850) неверные или отсутствующие данные для Antenna
U1160	SCP (J1850) неверные или отсутствующие данные для основной ID
U1161	SCP (J1850) неверные или отсутствующие данные для основной ID
U1162	SCP (J1850) неверные или отсутствующие данные для Digital Audio Tape
U1163	SCP (J1850) неверные или отсутствующие данные для Digital Audio Tape
U1164	SCP (J1850) неверные или отсутствующие данные для Tuner/ Receiver
U1165	SCP (J1850) неверные или отсутствующие данные для Tuner/ Receiver
U1166	SCP (J1850) неверные или отсутствующие данные для Cassette Tape
U1167	SCP (J1850) неверные или отсутствующие данные для Cassette Tape
U1168	SCP (J1850) неверные или отсутствующие данные для основной ID
U1169	SCP (J1850) неверные или отсутствующие данные для основной ID
U1170	SCP (J1850) неверные или отсутствующие данные для Cellular Phone/ Paging система
U1171	SCP (J1850) неверные или отсутствующие данные для Cellular Phone/ Paging система
U1172	SCP (J1850) неверные или отсутствующие данные для Remote кнопка управление
U1173	SCP (J1850) неверные или отсутствующие данные для Remote кнопка управление
U1174	SCP (J1850) неверные или отсутствующие данные для основной ID
U1175	SCP (J1850) неверные или отсутствующие данные для основной ID
U1176	SCP (J1850) неверные или отсутствующие данные для основной ID
U1177	SCP (J1850) неверные или отсутствующие данные для основной ID
U1178	SCP (J1850) неверные или отсутствующие данные для климат управление (HVAC)
U1179	SCP (J1850) неверные или отсутствующие данные для климат управление (HVAC)
U1180	SCP (J1850) неверные или отсутствующие данные для Personalization (Memory) Features
U1181	SCP (J1850) неверные или отсутствующие данные для Personalization (Memory) Features
U1182	SCP (J1850) неверные или отсутствующие данные для основной ID
U1183	SCP (J1850) неверные или отсутствующие данные для основной ID
U1184	SCP (J1850) неверные или отсутствующие данные для стекло стеклоочиститель/ омыватель
U1185	SCP (J1850) неверные или отсутствующие данные для стекло стеклоочиститель/ омыватель
U1186	SCP (J1850) неверные или отсутствующие данные для основной ID
U1187	SCP (J1850) неверные или отсутствующие данные для основной ID
U1188	SCP (J1850) неверные или отсутствующие данные для основной ID
U1189	SCP (J1850) неверные или отсутствующие данные для основной ID
U1190	SCP (J1850) неверные или отсутствующие данные для основной ID
U1191	SCP (J1850) неверные или отсутствующие данные для основной ID
U1192	SCP (J1850) неверные или отсутствующие данные для основной ID
U1193	SCP (J1850) неверные или отсутствующие данные для основной ID
U1194	SCP (J1850) неверные или отсутствующие данные для Mirrors
U1195	SCP (J1850) неверные или отсутствующие данные для Mirrors
U1196	SCP (J1850) неверные или отсутствующие данные для дверь Locks
U1197	SCP (J1850) неверные или отсутствующие данные для дверь Locks
U1198	SCP (J1850) неверные или отсутствующие данные для External Access (Doors)
U1199	SCP (J1850) неверные или отсутствующие данные для External Access (Doors)
U1200	SCP (J1850) неверные или отсутствующие данные для сиденье Motion/ управление
U1201	SCP (J1850) неверные или отсутствующие данные для сиденье Motion/ управление
U1202	SCP (J1850) неверные или отсутствующие данные для Windows
U1203	SCP (J1850) неверные или отсутствующие данные для Windows
U1204	SCP (J1850) неверные или отсутствующие данные для рулевое Column
U1205	SCP (J1850) неверные или отсутствующие данные для рулевое Column
U1206	SCP (J1850) неверные или отсутствующие данные для основной ID
U1207	SCP (J1850) неверные или отсутствующие данные для основной ID
U1208	SCP (J1850) неверные или отсутствующие данные для сиденье Switches
U1209	SCP (J1850) неверные или отсутствующие данные для сиденье Switches
U1210	SCP (J1850) неверные или отсутствующие данные для Restraints
U1211	SCP (J1850) неверные или отсутствующие данные для Restraints
U1212	SCP (J1850) неверные или отсутствующие данные для основной ID
U1213	SCP (J1850) неверные или отсутствующие данные для основной ID
U1214	SCP (J1850) неверные или отсутствующие данные для основной ID
U1215	SCP (J1850) неверные или отсутствующие данные для основной ID
U1216	SCP (J1850) неверные или отсутствующие данные для External лампа Outage
U1217	SCP (J1850) неверные или отсутствующие данные для External лампа Outage
U1218	SCP (J1850) неверные или отсутствующие данные для External Lamps
U1219	SCP (J1850) неверные или отсутствующие данные для External Lamps
U1220	SCP (J1850) неверные или отсутствующие данные для Interior лампа Outage
U1221	SCP (J1850) неверные или отсутствующие данные для Interior лампа Outage
U1222	SCP (J1850) неверные или отсутствующие данные для Interior Lamps
U1223	SCP (J1850) неверные или отсутствующие данные для Interior Lamps
U1224	SCP (J1850) неверные или отсутствующие данные для основной ID
U1225	SCP (J1850) неверные или отсутствующие данные для основной ID
U1226	SCP (J1850) неверные или отсутствующие данные для Body Status Request
U1227	SCP (J1850) неверные или отсутствующие данные для Body Status Request
U1228	SCP (J1850) неверные или отсутствующие данные для Tires
U1229	SCP (J1850) неверные или отсутствующие данные для Tires
U1230	SCP (J1850) неверные или отсутствующие данные для Electric обдув стекла
U1231	SCP (J1850) неверные или отсутствующие данные для Electric обдув стекла
U1232	SCP (J1850) неверные или отсутствующие данные для Navigation
U1233	SCP (J1850) неверные или отсутствующие данные для Navigation
U1234	SCP (J1850) неверные или отсутствующие данные для Displays
U1235	SCP (J1850) неверные или отсутствующие данные для Displays
U1236	SCP (J1850) неверные или отсутствующие данные для Memory Storage
U1237	SCP (J1850) неверные или отсутствующие данные для Memory Storage
U1238	SCP (J1850) неверные или отсутствующие данные для Experimental # 4
U1239	SCP (J1850) неверные или отсутствующие данные для Experimental # 4
U1240	SCP (J1850) неверные или отсутствующие данные для основной ID
U1241	SCP (J1850) неверные или отсутствующие данные для основной ID
U1242	SCP (J1850) неверные или отсутствующие данные для Exterior Environment
U1243	SCP (J1850) неверные или отсутствующие данные для Exterior Environment
U1244	SCP (J1850) неверные или отсутствующие данные для Interior Environment
U1245	SCP (J1850) неверные или отсутствующие данные для Interior Environment
U1246	SCP (J1850) неверные или отсутствующие данные для основной ID
U1247	SCP (J1850) неверные или отсутствующие данные для основной ID
U1248	SCP (J1850) неверные или отсутствующие данные для Time/ Date
U1249	SCP (J1850) неверные или отсутствующие данные для Time/ Date
U1250	SCP (J1850) неверные или отсутствующие данные для Vehicle ID (VIN)
U1251	SCP (J1850) неверные или отсутствующие данные для Vehicle ID (VIN)
U1252	SCP (J1850) неверные или отсутствующие данные для Class A Functions
U1253	SCP (J1850) неверные или отсутствующие данные для Class A Functions
U1254	SCP (J1850) неверные или отсутствующие данные для сеть управление
U1255	SCP (J1850) неверные или отсутствующие данные для сеть управление
U1260	SCP (J1850) один Ended (+) отказ цепи
U1261	SCP (J1850) один Ended (-) отказ цепи
U1262	SCP (J1850) связь шина неисправность
U1308	SCP (J1850) неверные или отсутствующие данные для Function Read двигатель Torque
U1341	SCP (J1850) неверные или отсутствующие данные для Function Read Vehicle скорость
U1430	SCP (J1850) неверные или отсутствующие данные для Function Read топливо система
U1451	SCP (J1850) неверные или отсутствующие данные для Function Read Audible Warnings/ противоугонная система модуль
U1612	SCP (J1850) Lack Acknowledgment для основной ID
U1736	SCP (J1850) Lack Acknowledgment для Telltales
U1750	SCP (J1850) Lack Acknowledgment для Audible Warnings
U1794	SCP (J1850) Lack Acknowledgment для Mirrors
U1797	SCP (J1850) Lack Acknowledgment для дверь Locks
U1798	SCP (J1850) Lack Acknowledgment для External Access (Doors)
U1806	SCP (J1850) Lack Acknowledgment для основной ID
U1900	CAN связь шина неисправность
U1950	UPB связь шина неисправность
U2000	Audio задний управление блок Not Responding
U2001	Audio Tape Deck блок Not Responding
U2002	Audio Bezel Not Responding
U2003	Audio Compact Disk/ Disk Jockey блок Not Responding
U2004	Audio рулевое колесо управление блок Not Responding
U2005	Audio задний Integrated управление панель блок Not Responding
U2006	Audio Remote климат управление блок Not Responding
U2007	Audio Navigation блок Not Responding
U2008	Audio Phone Not Responding
U2009	Audio передний модуль управления (ACM) Not Responding
U2010	Модуль Not Responding (Non SCP)
U2011	Модуль Transmitted неверный данные (Non SCP)
U2012	Связь шина Error (Non SCP)
U2013	Compass модуль not Responding
U2014	Audio Subwoofer блок Not Responding
U2015	Сигнал Link неисправность (Non SCP)
U2016	Сигнал Link КЗ на массу (Non SCP)/ от NGV модуль
U2017	Сторона водителя Crash датчик связь неисправность (Non SCP)
U2018	Сторона пассажира Crash датчик связь неисправность (Non SCP)
U2019	Audio Voice модуль Not Responding
U2020	Audio Center Amp not responding
U2021	Неверный/ неисправность данные received (Non SCP)
U2150	SCP (J1850) неверный данные от REM
U2152	SCP (J1850) неверный данные от GEM
U2160	SCP (J1850) неверный данные от IC
U2195	SCP (J1850) неверный данные от SCLM
U2500	(CAN) Lack Acknowledgement от двигатель Management
